sample,group,Genotype,GID,plate_code,well,Lote,is_hybrid,total_markers,valid_calls,het_calls,homo_calls,failed_calls,het_rate,call_rate,fail_rate,concordance,purity_status,purity_reason
F6601 - P1A1,F5,F5,53002,F6601,P1A1,L-99-1,True,9910,9679,1168,8511,231,0.12067362330819299,0.9766902119071644,0.02330978809283552,0.9421427833453869,FAIL,low heterozygosity for hybrid (12.1%; expected >20%)
F6601 - P1B1,F5,F5,53002,F6601,P1B1,L-99-1,True,9910,9679,3200,6479,231,0.33061266659778904,0.9766902119071644,0.02330978809283552,0.998346936667011,PASS,OK
F6601 - P1B2,F5,F5,53002,F6601,P1B2,L-99-1,True,9910,9709,3230,6479,201,0.33268101761252444,0.9797174571140262,0.020282542885973764,0.9982490472757235,PASS,OK
F6601 - P1C1,F5,F5,53002,F6601,P1C1,L-99-1,True,9910,9695,3167,6528,215,0.3266632284682826,0.9783047426841575,0.021695257315842584,0.9979370809695719,PASS,OK
F6601 - P1C2,F5,F5,53002,F6601,P1C2,L-99-1,True,9910,9652,884,8768,258,0.09158723580605056,0.9739656912209889,0.0260343087790111,0.9240571902196436,FAIL,low heterozygosity for hybrid (9.2%; expected >20%)
F6601 - P1D1,F5,F5,53002,F6601,P1D1,L-99-1,True,9910,9730,3209,6521,180,0.32980472764645424,0.9818365287588294,0.018163471241170535,0.9976361767728674,PASS,OK
F6601 - P1E1,F5,F5,53002,F6601,P1E1,L-99-1,True,9910,9713,3243,6470,197,0.33388242561515497,0.9801210898082745,0.01987891019172553,0.9977349943374858,PASS,OK
F6601 - P1F1,F5,F5,53002,F6601,P1F1,L-99-1,True,9910,9668,897,8771,242,0.09278030616466694,0.9755802219979819,0.024419778002018163,0.926458419528341,FAIL,low heterozygosity for hybrid (9.3%; expected >20%)
F6601 - P1G1,F5,F5,53002,F6601,P1G1,L-99-1,True,9910,9723,3228,6495,187,0.331996297439062,0.981130171543895,0.018869828456104944,0.9987658130206726,PASS,OK
F6601 - P1H1,F5,F5,53002,F6601,P1H1,L-99-1,True,9910,9699,3188,6511,211,0.3286936797608001,0.9787083753784056,0.021291624621594347,0.9978348283328178,PASS,OK
F6602 - P1A3,F5,F5,53002,F6602,P1A3,L-99-1,True,9910,9653,986,8667,257,0.10214441106391796,0.974066599394551,0.02593340060544904,0.93338858385994,FAIL,low heterozygosity for hybrid (10.2%; expected >20%)
F6602 - P1B3,F5,F5,53002,F6602,P1B3,L-99-1,True,9910,9707,3225,6482,203,0.3322344699701247,0.9795156407669021,0.020484359233097882,0.9877408056042032,PASS,OK
F6602 - P1C3,F5,F5,53002,F6602,P1C3,L-99-1,True,9910,9719,3236,6483,191,0.33295606543883116,0.9807265388496468,0.01927346115035318,0.9979421751208972,PASS,OK
F6602 - P1D2,F5,F5,53002,F6602,P1D2,L-99-1,True,9910,9699,3089,6610,211,0.31848644190122694,0.9787083753784056,0.021291624621594347,0.994844829363852,PASS,OK
F6602 - P1D3,F5,F5,53002,F6602,P1D3,L-99-1,True,9910,9727,3262,6465,183,0.33535519687467874,0.9815338042381433,0.01846619576185671,0.9980466742058188,PASS,OK
F6602 - P1E2,F5,F5,53002,F6602,P1E2,L-99-1,True,9910,9688,3237,6451,222,0.3341246903385632,0.977598385469223,0.022401614530776992,0.9977291494632535,PASS,OK
F6602 - P1E3,F5,F5,53002,F6602,P1E3,L-99-1,True,9910,9714,3214,6500,196,0.3308626724315421,0.9802219979818365,0.01977800201816347,0.9985587811406218,PASS,OK
F6602 - P1F2,F5,F5,53002,F6602,P1F2,L-99-1,True,9910,9687,3207,6480,223,0.33106224837410964,0.9774974772956609,0.022502522704339053,0.9982450707133271,PASS,OK
F6602 - P1G2,F5,F5,53002,F6602,P1G2,L-99-1,True,9910,9715,3294,6421,195,0.33906330416881114,0.9803229061553986,0.019677093844601413,0.9963973237261966,PASS,OK
F6602 - P1H2,F5,F5,53002,F6602,P1H2,L-99-1,True,9910,9606,3247,6359,304,0.33801790547574434,0.9693239152371342,0.03067608476286579,0.9985425775556943,PASS,OK
F6603 - P1A4,F5,F5,53002,F6603,P1A4,L-99-1,True,9910,9694,1233,8461,216,0.12719207757375697,0.9782038345105953,0.02179616548940464,0.9470806684547143,FAIL,low heterozygosity for hybrid (12.7%; expected >20%)
F6603 - P1B4,F5,F5,53002,F6603,P1B4,L-99-1,True,9910,9666,1144,8522,244,0.11835298986136975,0.9753784056508578,0.02462159434914228,0.9383405752120836,FAIL,low heterozygosity for hybrid (11.8%; expected >20%)
F6603 - P1C4,F5,F5,53002,F6603,P1C4,L-99-1,True,9910,9730,3301,6429,180,0.3392600205549846,0.9818365287588294,0.018163471241170535,0.9981500513874615,PASS,OK
F6603 - P1D4,F5,F5,53002,F6603,P1D4,L-99-1,True,9910,9678,1383,8295,232,0.14290142591444513,0.9765893037336024,0.02341069626639758,0.9507129572225667,FAIL,low heterozygosity for hybrid (14.3%; expected >20%)
F6603 - P1E4,F5,F5,53002,F6603,P1E4,L-99-1,True,9910,9708,3182,6526,202,0.32777091058920477,0.9796165489404641,0.02038345105953582,0.9938195302843016,PASS,OK
F6603 - P1F3,F5,F5,53002,F6603,P1F3,L-99-1,True,9910,9711,3206,6505,199,0.33014107712902896,0.9799192734611504,0.020080726538849646,0.9987642879209144,PASS,OK
F6603 - P1F4,F5,F5,53002,F6603,P1F4,L-99-1,True,9910,9681,1159,8522,229,0.1197190372895362,0.9768920282542886,0.023107971745711404,0.9389525875426092,FAIL,low heterozygosity for hybrid (12.0%; expected >20%)
F6603 - P1G3,F5,F5,53002,F6603,P1G3,L-99-1,True,9910,9726,3214,6512,184,0.3304544519843718,0.9814328960645813,0.018567103935418768,0.9985605593255192,PASS,OK
F6603 - P1G4,F5,F5,53002,F6603,P1G4,L-99-1,True,9910,9706,3242,6464,204,0.3340201936946219,0.9794147325933401,0.02058526740665994,0.9984545641871008,PASS,OK
F6603 - P1H3,F5,F5,53002,F6603,P1H3,L-99-1,True,9910,9709,3201,6508,201,0.329694098259347,0.9797174571140262,0.020282542885973764,0.9978370583994232,PASS,OK
F6604 - P1A5,F5,F5,53002,F6604,P1A5,L-99-1,True,9910,9698,3241,6457,212,0.3341926170344401,0.9786074672048436,0.02139253279515641,0.9982470612497422,PASS,OK
F6604 - P1A6,F5,F5,53002,F6604,P1A6,L-99-1,True,9910,9662,997,8665,248,0.10318774580832125,0.9749747729566095,0.025025227043390514,0.9310701718070793,FAIL,low heterozygosity for hybrid (10.3%; expected >20%)
F6604 - P1B5,F5,F5,53002,F6604,P1B5,L-99-1,True,9910,9723,3237,6486,187,0.33292193767355754,0.981130171543895,0.018869828456104944,0.9978401727861771,PASS,OK
F6604 - P1C5,F5,F5,53002,F6604,P1C5,L-99-1,True,9910,9713,3073,6640,197,0.316380109132091,0.9801210898082745,0.01987891019172553,0.9929990734067744,PASS,OK
F6604 - P1D5,F5,F5,53002,F6604,P1D5,L-99-1,True,9910,9729,3207,6522,181,0.3296330558125193,0.9817356205852674,0.018264379414732593,0.9516908212560387,PASS,OK
F6604 - P1E5,F5,F5,53002,F6604,P1E5,L-99-1,True,9910,9721,3214,6507,189,0.3306244213558276,0.9809283551967709,0.019071644803229062,0.9983540787984775,PASS,OK
F6604 - P1F5,F5,F5,53002,F6604,P1F5,L-99-1,True,9910,9646,572,9074,264,0.05929919137466307,0.9733602421796166,0.026639757820383452,0.9139539705577442,FAIL,low heterozygosity for hybrid (5.9%; expected >20%)
F6604 - P1G5,F5,F5,53002,F6604,P1G5,L-99-1,True,9910,9720,3281,6439,190,0.33755144032921813,0.9808274470232089,0.01917255297679112,0.9983539094650206,PASS,OK
F6604 - P1H4,F5,F5,53002,F6604,P1H4,L-99-1,True,9910,9666,862,8804,244,0.08917856403889923,0.9753784056508578,0.02462159434914228,0.9282019449617215,FAIL,low heterozygosity for hybrid (8.9%; expected >20%)
F6604 - P1H5,F5,F5,53002,F6604,P1H5,L-99-1,True,9910,9722,3231,6491,188,0.3323390248919975,0.981029263370333,0.018970736629667004,0.9980456696153055,PASS,OK
F6605 - P1A7,F5,F5,53002,F6605,P1A7,L-99-1,True,9910,9692,1180,8512,218,0.12174989682212134,0.9780020181634712,0.02199798183652876,0.9417044985555098,FAIL,low heterozygosity for hybrid (12.2%; expected >20%)
F6605 - P1B6,F5,F5,53002,F6605,P1B6,L-99-1,True,9910,9699,3013,6686,211,0.3106505825342819,0.9787083753784056,0.021291624621594347,0.9858748324569543,PASS,OK
F6605 - P1B7,F5,F5,53002,F6605,P1B7,L-99-1,True,9910,9733,3260,6473,177,0.3349429774992294,0.9821392532795157,0.01786074672048436,0.998458851330525,PASS,OK
F6605 - P1C6,F5,F5,53002,F6605,P1C6,L-99-1,True,9910,9715,3206,6509,195,0.33000514668039116,0.9803229061553986,0.019677093844601413,0.997838394235718,PASS,OK
F6605 - P1C7,F5,F5,53002,F6605,P1C7,L-99-1,True,9910,9730,3270,6460,180,0.33607399794450155,0.9818365287588294,0.018163471241170535,0.9978417266187051,PASS,OK
F6605 - P1D6,F5,F5,53002,F6605,P1D6,L-99-1,True,9910,9735,3092,6643,175,0.3176168464304058,0.9823410696266398,0.017658930373360242,0.9793528505392912,PASS,OK
F6605 - P1E6,F5,F5,53002,F6605,P1E6,L-99-1,True,9910,9708,3121,6587,202,0.3214874330449114,0.9796165489404641,0.02038345105953582,0.9958796868562011,PASS,OK
F6605 - P1F6,F5,F5,53002,F6605,P1F6,L-99-1,True,9910,9730,3216,6514,180,0.3305241521068859,0.9818365287588294,0.018163471241170535,0.9982528263103803,PASS,OK
F6605 - P1G6,F5,F5,53002,F6605,P1G6,L-99-1,True,9910,9708,3248,6460,202,0.334569427276473,0.9796165489404641,0.02038345105953582,0.9974248042851257,PASS,OK
F6605 - P1H6,F5,F5,53002,F6605,P1H6,L-99-1,True,9910,9732,3201,6531,178,0.3289149198520345,0.9820383451059536,0.017961654894046417,0.9982531853678586,PASS,OK
F6606 - P1A8,F5,F5,53002,F6606,P1A8,L-99-1,True,9910,9742,3285,6457,168,0.3371997536440156,0.9830474268415742,0.016952573158425834,0.9978443851365223,PASS,OK
F6606 - P1B8,F5,F5,53002,F6606,P1B8,L-99-1,True,9910,9703,3178,6525,207,0.32752756879315675,0.9791120080726539,0.020887991927346115,0.9973204163660724,PASS,OK
F6606 - P1C8,F5,F5,53002,F6606,P1C8,L-99-1,True,9910,9735,2647,7088,175,0.2719054956343092,0.9823410696266398,0.017658930373360242,0.9448382126348228,PASS,OK
F6606 - P1D7,F5,F5,53002,F6606,P1D7,L-99-1,True,9910,9725,3217,6508,185,0.33079691516709514,0.9813319878910192,0.01866801210898083,0.9981491002570694,PASS,OK
F6606 - P1D8,F5,F5,53002,F6606,P1D8,L-99-1,True,9910,9733,3215,6518,177,0.33031953149080445,0.9821392532795157,0.01786074672048436,0.9985615945751567,PASS,OK
F6606 - P1E7,F5,F5,53002,F6606,P1E7,L-99-1,True,9910,9729,3243,6486,181,0.3333333333333333,0.9817356205852674,0.018264379414732593,0.9977387192928359,PASS,OK
F6606 - P1E8,F5,F5,53002,F6606,P1E8,L-99-1,True,9910,9718,3260,6458,192,0.33545997118748716,0.9806256306760848,0.019374369323915237,0.9960897303972011,PASS,OK
F6606 - P1F7,F5,F5,53002,F6606,P1F7,L-99-1,True,9910,9725,3259,6466,185,0.33511568123393315,0.9813319878910192,0.01866801210898083,0.9983547557840617,PASS,OK
F6606 - P1G7,F5,F5,53002,F6606,P1G7,L-99-1,True,9910,9714,3097,6617,196,0.31881820053530985,0.9802219979818365,0.01977800201816347,0.9959851760345892,PASS,OK
F6606 - P1H7,F5,F5,53002,F6606,P1H7,L-99-1,True,9910,9674,1015,8659,236,0.1049204052098408,0.9761856710393542,0.023814328960645812,0.9349803597271036,FAIL,low heterozygosity for hybrid (10.5%; expected >20%)
F6607 - P1A9,F5,F5,53002,F6607,P1A9,L-99-1,True,9910,9692,3181,6511,218,0.32820883202641354,0.9780020181634712,0.02199798183652876,0.9985555096987206,PASS,OK
F6607 - P1B9,F5,F5,53002,F6607,P1B9,L-99-1,True,9910,9713,3198,6515,197,0.32924945948728507,0.9801210898082745,0.01987891019172553,0.9980438587460105,PASS,OK
F6607 - P1C9,F5,F5,53002,F6607,P1C9,L-99-1,True,9910,9679,1335,8344,231,0.1379274718462651,0.9766902119071644,0.02330978809283552,0.9474119227192892,FAIL,low heterozygosity for hybrid (13.8%; expected >20%)
F6607 - P1D9,F5,F5,53002,F6607,P1D9,L-99-1,True,9910,9744,3251,6493,166,0.33364121510673234,0.9832492431886983,0.016750756811301715,0.9367816091954023,PASS,OK
F6607 - P1E9,F5,F5,53002,F6607,P1E9,L-99-1,True,9910,9650,766,8884,260,0.07937823834196892,0.9737638748738647,0.026236125126135216,0.9222797927461139,FAIL,low heterozygosity for hybrid (7.9%; expected >20%)
F6607 - P1F8,F5,F5,53002,F6607,P1F8,L-99-1,True,9910,9730,3263,6467,180,0.3353545734840699,0.9818365287588294,0.018163471241170535,0.9978417266187051,PASS,OK
F6607 - P1F9,F5,F5,53002,F6607,P1F9,L-99-1,True,9910,9719,3166,6553,191,0.3257536783619714,0.9807265388496468,0.01927346115035318,0.9976335013890318,PASS,OK
F6607 - P1G8,F5,F5,53002,F6607,P1G8,L-99-1,True,9910,9663,897,8766,247,0.09282831418814033,0.9750756811301715,0.024924318869828457,0.9267308289351133,FAIL,low heterozygosity for hybrid (9.3%; expected >20%)
F6607 - P1G9,F5,F5,53002,F6607,P1G9,L-99-1,True,9910,9676,1299,8377,234,0.13424968995452666,0.9763874873864783,0.023612512613521694,0.9472922695328648,FAIL,low heterozygosity for hybrid (13.4%; expected >20%)
F6607 - P1H8,F5,F5,53002,F6607,P1H8,L-99-1,True,9910,9664,1076,8588,246,0.111341059602649,0.9751765893037336,0.024823410696266396,0.9383278145695364,FAIL,low heterozygosity for hybrid (11.1%; expected >20%)
F6608 - P1A10,F5,F5,53002,F6608,P1A10,L-99-1,True,9910,9670,3069,6601,240,0.3173733195449845,0.9757820383451059,0.024217961654894045,0.9940020682523267,PASS,OK
F6608 - P1A11,F5,F5,53002,F6608,P1A11,L-99-1,True,9910,9729,3314,6415,181,0.3406311028882722,0.9817356205852674,0.018264379414732593,0.9978415047795252,PASS,OK
F6608 - P1B10,F5,F5,53002,F6608,P1B10,L-99-1,True,9910,9719,3259,6460,191,0.3353225640497994,0.9807265388496468,0.01927346115035318,0.9981479576088075,PASS,OK
F6608 - P1C10,F5,F5,53002,F6608,P1C10,L-99-1,True,9910,9666,638,9028,244,0.0660045520380716,0.9753784056508578,0.02462159434914228,0.9141320091040761,FAIL,low heterozygosity for hybrid (6.6%; expected >20%)
F6608 - P1D10,F5,F5,53002,F6608,P1D10,L-99-1,True,9910,9735,3228,6507,175,0.33158705701078584,0.9823410696266398,0.017658930373360242,0.9980482794042116,PASS,OK
F6608 - P1E10,F5,F5,53002,F6608,P1E10,L-99-1,True,9910,9709,3230,6479,201,0.33268101761252444,0.9797174571140262,0.020282542885973764,0.9986610361520238,PASS,OK
F6608 - P1F10,F5,F5,53002,F6608,P1F10,L-99-1,True,9910,9653,901,8752,257,0.093338858385994,0.974066599394551,0.02593340060544904,0.9287268206775096,FAIL,low heterozygosity for hybrid (9.3%; expected >20%)
F6608 - P1G10,F5,F5,53002,F6608,P1G10,L-99-1,True,9910,9730,3260,6470,180,0.33504624871531347,0.9818365287588294,0.018163471241170535,0.9977389516957862,PASS,OK
F6608 - P1H10,F5,F5,53002,F6608,P1H10,L-99-1,True,9910,9713,3227,6486,197,0.3322351487696901,0.9801210898082745,0.01987891019172553,0.9966024915062288,PASS,OK
F6608 - P1H9,F5,F5,53002,F6608,P1H9,L-99-1,True,9910,9734,3263,6471,176,0.3352167659749332,0.9822401614530777,0.0177598385469223,0.9979453462091638,PASS,OK
F6609 - P1B11,F5,F5,53002,F6609,P1B11,L-99-1,True,9910,9688,3150,6538,222,0.32514450867052025,0.977598385469223,0.022401614530776992,0.9972130470685384,PASS,OK
F6609 - P1C11,F5,F5,53002,F6609,P1C11,L-99-1,True,9910,9728,3261,6467,182,0.3352179276315789,0.9816347124117053,0.018365287588294654,0.9981496710526315,PASS,OK
F6609 - P1D11,F5,F5,53002,F6609,P1D11,L-99-1,True,9910,9730,3028,6702,180,0.31120246659815004,0.9818365287588294,0.018163471241170535,0.9968139773895169,PASS,OK
F6609 - P1E11,F5,F5,53002,F6609,P1E11,L-99-1,True,9910,9691,3209,6482,219,0.3311319781240326,0.9779011099899092,0.022098890010090817,0.9982457950675885,PASS,OK
F6609 - P1F11,F5,F5,53002,F6609,P1F11,L-99-1,True,9910,9723,3245,6478,187,0.33374472899310914,0.981130171543895,0.018869828456104944,0.9982515684459529,PASS,OK
F6610 - P1A12,F5,F5,53002,F6610,P1A12,L-99-1,True,9910,9675,3114,6561,235,0.3218604651162791,0.9762865792129163,0.023713420787083755,0.9975193798449612,PASS,OK
F6610 - P1B12,F5,F5,53002,F6610,P1B12,L-99-1,True,9910,9714,3246,6468,196,0.33415688696726376,0.9802219979818365,0.01977800201816347,0.9985587811406218,PASS,OK
F6610 - P1C12,F5,F5,53002,F6610,P1C12,L-99-1,True,9910,9719,3263,6456,191,0.33573412902561994,0.9807265388496468,0.01927346115035318,0.9983537400967177,PASS,OK
F6610 - P1G11,F5,F5,53002,F6610,P1G11,L-99-1,True,9910,9721,2872,6849,189,0.29544285567328465,0.9809283551967709,0.019071644803229062,0.9864211500874396,PASS,OK
F6610 - P1H11,F5,F5,53002,F6610,P1H11,L-99-1,True,9910,9716,3257,6459,194,0.3352202552490737,0.9804238143289606,0.019576185671039355,0.9974269246603541,PASS,OK
F6611 - P1D12,F5,F5,53002,F6611,P1D12,L-99-1,True,9910,9729,3244,6485,181,0.3334361188200226,0.9817356205852674,0.018264379414732593,0.9981498612395929,PASS,OK
F6611 - P1E12,F5,F5,53002,F6611,P1E12,L-99-1,True,9910,9731,3217,6514,179,0.3305929503648135,0.9819374369323915,0.018062563067608475,0.9980474771349296,PASS,OK
F6611 - P1F12,F5,F5,53002,F6611,P1F12,L-99-1,True,9910,9718,3233,6485,192,0.33268162173286686,0.9806256306760848,0.019374369323915237,0.9976332578719901,PASS,OK
F6611 - P1G12,F5,F5,53002,F6611,P1G12,L-99-1,True,9910,9719,3260,6459,191,0.3354254552937545,0.9807265388496468,0.01927346115035318,0.997736392632987,PASS,OK
F6611 - P2A1,F5,F5,53002,F6611,P2A1,L-99-1,True,9910,9744,3225,6519,166,0.3309729064039409,0.9832492431886983,0.016750756811301715,0.9971264367816092,PASS,OK
F6612 - P2B1,F5,F5,53002,F6612,P2B1,L-99-1,True,9910,9728,3147,6581,182,0.3234991776315789,0.9816347124117053,0.018365287588294654,0.9942434210526315,PASS,OK
F6612 - P2C1,F5,F5,53002,F6612,P2C1,L-99-1,True,9910,9725,3245,6480,185,0.33367609254498715,0.9813319878910192,0.01866801210898083,0.9986632390745501,PASS,OK
F6612 - P2D1,F5,F5,53002,F6612,P2D1,L-99-1,True,9910,9727,3273,6454,183,0.33648606970288886,0.9815338042381433,0.01846619576185671,0.9978410609643261,PASS,OK
F6612 - P2E1,F5,F5,53002,F6612,P2E1,L-99-1,True,9910,9751,3245,6506,159,0.3327863808840119,0.9839556004036327,0.016044399596367307,0.9983591426520357,PASS,OK
F6612 - P2F1,F5,F5,53002,F6612,P2F1,L-99-1,True,9910,9738,3253,6485,172,0.3340521667693572,0.9826437941473259,0.017356205852674066,0.9959950708564387,PASS,OK
F6613 - P2A2,F5,F5,53003,F6613,P2A2,L-99-2,True,9910,9689,1880,7809,221,0.19403447208174218,0.9776992936427851,0.022300706357214935,0.9668696459902982,WARNING,reduced heterozygosity for hybrid (19.4%)
F6613 - P2B2,F5,F5,53003,F6613,P2B2,L-99-2,True,9910,9704,3238,6466,206,0.333676834295136,0.979212916246216,0.020787083753784057,0.9968054410552349,PASS,OK
F6613 - P2G1,F5,F5,53003,F6613,P2G1,L-99-2,True,9910,9742,3246,6496,168,0.333196468897557,0.9830474268415742,0.016952573158425834,0.9981523301170191,PASS,OK
F6613 - P2H1,F5,F5,53003,F6613,P2H1,L-99-2,True,9910,9730,3258,6472,180,0.3348406988694759,0.9818365287588294,0.018163471241170535,0.9981500513874615,PASS,OK
F6614 - P2C2,F5,F5,53003,F6614,P2C2,L-99-2,True,9910,9741,3262,6479,169,0.3348732163022277,0.9829465186680121,0.01705348133198789,0.9981521404373268,PASS,OK
F6614 - P2D2,F5,F5,53003,F6614,P2D2,L-99-2,True,9910,9745,3242,6503,165,0.33268342739866597,0.9833501513622603,0.016649848637739658,0.9983581323755772,PASS,OK
F6614 - P2E2,F5,F5,53003,F6614,P2E2,L-99-2,True,9910,9742,3227,6515,168,0.33124615068774377,0.9830474268415742,0.016952573158425834,0.9982549784438514,PASS,OK
F6614 - P2F2,F5,F5,53003,F6614,P2F2,L-99-2,True,9910,9729,3251,6478,181,0.33415561722684756,0.9817356205852674,0.018264379414732593,0.9978415047795252,PASS,OK
F6615 - P2B3,F5,F5,53003,F6615,P2B3,L-99-2,True,9910,9752,3274,6478,158,0.3357260049220673,0.9840565085771947,0.015943491422805246,0.9982567678424938,PASS,OK
F6615 - P2C3,F5,F5,53003,F6615,P2C3,L-99-2,True,9910,9744,3204,6540,166,0.3288177339901478,0.9832492431886983,0.016750756811301715,0.9980500821018062,PASS,OK
F6615 - P2G2,F5,F5,53003,F6615,P2G2,L-99-2,True,9910,9733,3276,6457,177,0.3365868694133361,0.9821392532795157,0.01786074672048436,0.9955820404808384,PASS,OK
F6615 - P2H2,F5,F5,53003,F6615,P2H2,L-99-2,True,9910,9743,3233,6510,167,0.3318279790618906,0.9831483350151362,0.016851664984863773,0.9985630709227138,PASS,OK
F6616 - P2D3,F5,F5,53003,F6616,P2D3,L-99-2,True,9910,9751,3270,6481,159,0.33535022049020613,0.9839556004036327,0.016044399596367307,0.9981540354835402,PASS,OK
F6616 - P2E3,F5,F5,53003,F6616,P2E3,L-99-2,True,9910,9740,3240,6500,170,0.3326488706365503,0.9828456104944501,0.017154389505549948,0.9983572895277207,PASS,OK
F6616 - P2F3,F5,F5,53003,F6616,P2F3,L-99-2,True,9910,9731,3110,6621,179,0.31959716370362756,0.9819374369323915,0.018062563067608475,0.9950673106566643,PASS,OK
F6616 - P2G3,F5,F5,53003,F6616,P2G3,L-99-2,True,9910,9725,3163,6562,185,0.3252442159383033,0.9813319878910192,0.01866801210898083,0.9756298200514139,PASS,OK
F6617 - P2A4,F5,F5,53003,F6617,P2A4,L-99-2,True,9910,9740,3238,6502,170,0.3324435318275154,0.9828456104944501,0.017154389505549948,0.9981519507186858,PASS,OK
F6617 - P2B4,F5,F5,53003,F6617,P2B4,L-99-2,True,9910,9672,728,8944,238,0.07526881720430108,0.97598385469223,0.02401614530776993,0.9209057071960298,FAIL,low heterozygosity for hybrid (7.5%; expected >20%)
F6617 - P2C4,F5,F5,53003,F6617,P2C4,L-99-2,True,9910,9744,3287,6457,166,0.33733579638752054,0.9832492431886983,0.016750756811301715,0.9983579638752053,PASS,OK
F6617 - P2H3,F5,F5,53003,F6617,P2H3,L-99-2,True,9910,9697,1444,8253,213,0.14891203464989172,0.9785065590312816,0.021493440968718466,0.9534907703413427,FAIL,low heterozygosity for hybrid (14.9%; expected >20%)
F6618 - P2D4,F5,F5,53003,F6618,P2D4,L-99-2,True,9910,9752,3327,6425,158,0.3411607875307629,0.9840565085771947,0.015943491422805246,0.9983593109105825,PASS,OK
F6618 - P2E4,F5,F5,53003,F6618,P2E4,L-99-2,True,9910,9751,3242,6509,159,0.3324787201312686,0.9839556004036327,0.016044399596367307,0.9988719105732745,PASS,OK
F6618 - P2F4,F5,F5,53003,F6618,P2F4,L-99-2,True,9910,9742,3303,6439,168,0.3390474235269965,0.9830474268415742,0.016952573158425834,0.9976390884828578,PASS,OK
F6618 - P2G4,F5,F5,53003,F6618,P2G4,L-99-2,True,9910,9735,3261,6474,175,0.3349768875192604,0.9823410696266398,0.017658930373360242,0.9979455572675912,PASS,OK
F6619 - P2A5,F5,F5,53003,F6619,P2A5,L-99-2,True,9910,9747,3227,6520,163,0.3310762285831538,0.9835519677093845,0.01644803229061554,0.9985636606135221,PASS,OK
F6619 - P2B5,F5,F5,53003,F6619,P2B5,L-99-2,True,9910,9745,3237,6508,165,0.3321703437660339,0.9833501513622603,0.016649848637739658,0.9979476654694716,PASS,OK
F6619 - P2C5,F5,F5,53003,F6619,P2C5,L-99-2,True,9910,9740,3250,6490,170,0.3336755646817248,0.9828456104944501,0.017154389505549948,0.9978439425051334,PASS,OK
F6619 - P2H4,F5,F5,53003,F6619,P2H4,L-99-2,True,9910,9743,3222,6521,167,0.3306989633583085,0.9831483350151362,0.016851664984863773,0.9978446063840706,PASS,OK
F6620 - P2D5,F5,F5,53003,F6620,P2D5,L-99-2,True,9910,9743,3271,6472,167,0.3357282151288104,0.9831483350151362,0.016851664984863773,0.9981525197577749,PASS,OK
F6620 - P2E5,F5,F5,53003,F6620,P2E5,L-99-2,True,9910,9724,2296,7428,186,0.23611682435211848,0.9812310797174572,0.018768920282542886,0.968428630193336,PASS,OK
F6620 - P2F5,F5,F5,53003,F6620,P2F5,L-99-2,True,9910,9703,2033,7670,207,0.2095228279913429,0.9791120080726539,0.020887991927346115,0.9751623209316707,PASS,OK
F6621 - P2A6,F5,F5,53003,F6621,P2A6,L-99-2,True,9910,9667,837,8830,243,0.08658322126823213,0.9754793138244198,0.02452068617558022,0.9245888072825075,FAIL,low heterozygosity for hybrid (8.7%; expected >20%)
F6621 - P2G5,F5,F5,53003,F6621,P2G5,L-99-2,True,9910,9745,3250,6495,165,0.3335043612108774,0.9833501513622603,0.016649848637739658,0.9982555156490508,PASS,OK
F6621 - P2H5,F5,F5,53003,F6621,P2H5,L-99-2,True,9910,9746,3239,6507,164,0.33234147342499487,0.9834510595358223,0.016548940464177597,0.9967166016827417,PASS,OK
F6622 - P2B6,F5,F5,53003,F6622,P2B6,L-99-2,True,9910,9745,3255,6490,165,0.3340174448435095,0.9833501513622603,0.016649848637739658,0.9981528989225243,PASS,OK
F6622 - P2C6,F5,F5,53003,F6622,P2C6,L-99-2,True,9910,9750,3261,6489,160,0.3344615384615385,0.9838546922300706,0.016145307769929364,0.9981538461538462,PASS,OK
F6622 - P2D6,F5,F5,53003,F6622,P2D6,L-99-2,True,9910,9745,3276,6469,165,0.3361723961005644,0.9833501513622603,0.016649848637739658,0.9974345818368394,PASS,OK
F6623 - P2E6,F5,F5,53003,F6623,P2E6,L-99-2,True,9910,9740,3243,6497,170,0.33295687885010267,0.9828456104944501,0.017154389505549948,0.9981519507186858,PASS,OK
F6623 - P2F6,F5,F5,53003,F6623,P2F6,L-99-2,True,9910,9743,3335,6408,167,0.3422970337678333,0.9831483350151362,0.016851664984863773,0.9989736220876527,PASS,OK
F6623 - P2G6,F5,F5,53003,F6623,P2G6,L-99-2,True,9910,9750,3214,6536,160,0.32964102564102565,0.9838546922300706,0.016145307769929364,0.9958974358974358,PASS,OK
F6624 - P2A7,F5,F5,53003,F6624,P2A7,L-99-2,True,9910,9752,3250,6502,158,0.3332649712879409,0.9840565085771947,0.015943491422805246,0.9991796554552912,PASS,OK
F6624 - P2B7,F5,F5,53003,F6624,P2B7,L-99-2,True,9910,9751,3272,6479,159,0.33555532765870166,0.9839556004036327,0.016044399596367307,0.9976412675623013,PASS,OK
F6624 - P2H6,F5,F5,53003,F6624,P2H6,L-99-2,True,9910,9723,3127,6596,187,0.32160855702972335,0.981130171543895,0.018869828456104944,0.9955774966574102,PASS,OK
F6625 - P2A8,F5,F5,53004,F6625,P2A8,L-88,True,9910,9681,884,8797,229,0.09131288090073339,0.9768920282542886,0.023107971745711404,0.9285197810143581,FAIL,low heterozygosity for hybrid (9.1%; expected >20%)
F6625 - P2B8,F5,F5,53004,F6625,P2B8,L-88,True,9910,9727,3269,6458,183,0.3360748432199034,0.9815338042381433,0.01846619576185671,0.9977382543435798,PASS,OK
F6625 - P2C7,F5,F5,53004,F6625,P2C7,L-88,True,9910,9740,3277,6463,170,0.3364476386036961,0.9828456104944501,0.017154389505549948,0.9976386036960986,PASS,OK
F6625 - P2D7,F5,F5,53004,F6625,P2D7,L-88,True,9910,9741,3266,6475,169,0.33528385176059955,0.9829465186680121,0.01705348133198789,0.9976388461143619,PASS,OK
F6625 - P2E7,F5,F5,53004,F6625,P2E7,L-88,True,9910,9743,3274,6469,167,0.33603612850251463,0.9831483350151362,0.016851664984863773,0.983885866776147,PASS,OK
F6625 - P2F7,F5,F5,53004,F6625,P2F7,L-88,True,9910,9730,3046,6684,180,0.3130524152106886,0.9818365287588294,0.018163471241170535,0.9473792394655705,PASS,OK
F6625 - P2G7,F5,F5,53004,F6625,P2G7,L-88,True,9910,9732,3245,6487,178,0.333436087135224,0.9820383451059536,0.017961654894046417,0.997842170160296,PASS,OK
F6625 - P2H7,F5,F5,53004,F6625,P2H7,L-88,True,9910,9730,3195,6535,180,0.328365878725591,0.9818365287588294,0.018163471241170535,0.9966084275436793,PASS,OK
F6626 - P2A9,F5,F5,53004,F6626,P2A9,L-88,True,9910,9742,3248,6494,168,0.33340176555122153,0.9830474268415742,0.016952573158425834,0.9981523301170191,PASS,OK
F6626 - P2B9,F5,F5,53004,F6626,P2B9,L-88,True,9910,9750,3139,6611,160,0.32194871794871793,0.9838546922300706,0.016145307769929364,0.94,PASS,OK
F6626 - P2C8,F5,F5,53004,F6626,P2C8,L-88,True,9910,9749,3276,6473,161,0.33603446507334084,0.9837537840565086,0.016246215943491422,0.9985639552774643,PASS,OK
F6626 - P2D8,F5,F5,53004,F6626,P2D8,L-88,True,9910,9746,3277,6469,164,0.3362405089267392,0.9834510595358223,0.016548940464177597,0.9976400574594706,PASS,OK
F6626 - P2E8,F5,F5,53004,F6626,P2E8,L-88,True,9910,9740,3265,6475,170,0.33521560574948667,0.9828456104944501,0.017154389505549948,0.9983572895277207,PASS,OK
F6626 - P2F8,F5,F5,53004,F6626,P2F8,L-88,True,9910,9708,2149,7559,202,0.22136382365059745,0.9796165489404641,0.02038345105953582,0.9040997115780799,PASS,OK
F6626 - P2G8,F5,F5,53004,F6626,P2G8,L-88,True,9910,9736,3185,6551,174,0.32713640098603125,0.9824419778002018,0.017558022199798184,0.995480690221857,PASS,OK
F6626 - P2H8,F5,F5,53004,F6626,P2H8,L-88,True,9910,9693,1318,8375,217,0.13597441452594655,0.9781029263370333,0.021897073662966702,0.9497575569998968,FAIL,low heterozygosity for hybrid (13.6%; expected >20%)
F6627 - P2A10,F5,F5,53004,F6627,P2A10,L-88,True,9910,9748,3292,6456,162,0.33771029954862536,0.9836528758829465,0.016347124117053483,0.9975379565038982,PASS,OK
F6627 - P2B10,F5,F5,53004,F6627,P2B10,L-88,True,9910,9744,3265,6479,166,0.33507799671592775,0.9832492431886983,0.016750756811301715,0.9982553366174056,PASS,OK
F6627 - P2C9,F5,F5,53004,F6627,P2C9,L-88,True,9910,9744,3216,6528,166,0.33004926108374383,0.9832492431886983,0.016750756811301715,0.9981527093596059,PASS,OK
F6627 - P2D9,F5,F5,53004,F6627,P2D9,L-88,True,9910,9740,3242,6498,170,0.3328542094455852,0.9828456104944501,0.017154389505549948,0.9989733059548255,PASS,OK
F6627 - P2E9,F5,F5,53004,F6627,P2E9,L-88,True,9910,9748,3283,6465,162,0.3367870332375872,0.9836528758829465,0.016347124117053483,0.9980508822322528,PASS,OK
F6627 - P2F9,F5,F5,53004,F6627,P2F9,L-88,True,9910,9742,3231,6511,168,0.3316567439950729,0.9830474268415742,0.016952573158425834,0.9985629234243482,PASS,OK
F6627 - P2G9,F5,F5,53004,F6627,P2G9,L-88,True,9910,9740,3261,6479,170,0.3348049281314168,0.9828456104944501,0.017154389505549948,0.9962012320328542,PASS,OK
F6627 - P2H9,F5,F5,53004,F6627,P2H9,L-88,True,9910,9727,2930,6797,183,0.30122339878688187,0.9815338042381433,0.01846619576185671,0.9500359823172613,PASS,OK
F6628 - P2C10,F5,F5,53004,F6628,P2C10,L-88,True,9910,9681,1391,8290,229,0.14368350377027167,0.9768920282542886,0.023107971745711404,0.9534139035223634,FAIL,low heterozygosity for hybrid (14.4%; expected >20%)
F6628 - P2D10,F5,F5,53004,F6628,P2D10,L-88,True,9910,9738,3244,6494,172,0.33312795235161224,0.9826437941473259,0.017356205852674066,0.997740809201068,PASS,OK
F6628 - P2E10,F5,F5,53004,F6628,P2E10,L-88,True,9910,9741,3215,6526,169,0.3300482496663587,0.9829465186680121,0.01705348133198789,0.9980494815727338,PASS,OK
F6628 - P2F10,F5,F5,53004,F6628,P2F10,L-88,True,9910,9742,3288,6454,168,0.3375076986245124,0.9830474268415742,0.016952573158425834,0.9989735167316772,PASS,OK
F6628 - P2G10,F5,F5,53004,F6628,P2G10,L-88,True,9910,9739,3255,6484,171,0.33422322620392236,0.982744702320888,0.01725529767911201,0.9976383612280522,PASS,OK
F6628 - P2H10,F5,F5,53004,F6628,P2H10,L-88,True,9910,9665,997,8668,245,0.10315571650284532,0.9752774974772956,0.02472250252270434,0.9362648732540093,FAIL,low heterozygosity for hybrid (10.3%; expected >20%)
F6629 - P2A11,F5,F5,53005,F6629,P2A11,L-117,True,9910,9725,3235,6490,185,0.3326478149100257,0.9813319878910192,0.01866801210898083,0.9983547557840617,PASS,OK
F6629 - P2B11,F5,F5,53005,F6629,P2B11,L-117,True,9910,9754,3280,6474,156,0.336272298544187,0.9842583249243189,0.01574167507568113,0.9989747795776092,PASS,OK
F6629 - P2C11,F5,F5,53005,F6629,P2C11,L-117,True,9910,9743,3262,6481,167,0.33480447500769783,0.9831483350151362,0.016851664984863773,0.9886072051729446,PASS,OK
F6629 - P2D11,F5,F5,53005,F6629,P2D11,L-117,True,9910,9687,1217,8470,223,0.12563229069887477,0.9774974772956609,0.022502522704339053,0.9475585836688345,FAIL,low heterozygosity for hybrid (12.6%; expected >20%)
F6629 - P2E11,F5,F5,53005,F6629,P2E11,L-117,True,9910,9753,3286,6467,157,0.3369219727263406,0.9841574167507569,0.01584258324924319,0.9979493489182816,PASS,OK
F6629 - P2F11,F5,F5,53005,F6629,P2F11,L-117,True,9910,9743,3265,6478,167,0.33511238838140206,0.9831483350151362,0.016851664984863773,0.9981525197577749,PASS,OK
F6629 - P2G11,F5,F5,53005,F6629,P2G11,L-117,True,9910,9752,3299,6453,158,0.3382895816242822,0.9840565085771947,0.015943491422805246,0.9980516817063166,PASS,OK
F6629 - P2H11,F5,F5,53005,F6629,P2H11,L-117,True,9910,9719,3223,6496,191,0.33161847926741433,0.9807265388496468,0.01927346115035318,0.9980450663648524,PASS,OK
F6630 - P2A12,F5,F5,53005,F6630,P2A12,L-117,True,9910,9750,3226,6524,160,0.33087179487179486,0.9838546922300706,0.016145307769929364,0.9981538461538462,PASS,OK
F6630 - P2B12,F5,F5,53005,F6630,P2B12,L-117,True,9910,9746,3276,6470,164,0.33613790272932487,0.9834510595358223,0.016548940464177597,0.9978452698542992,PASS,OK
F6630 - P2C12,F5,F5,53005,F6630,P2C12,L-117,True,9910,9741,3278,6463,169,0.336515758135715,0.9829465186680121,0.01705348133198789,0.9945590801765732,PASS,OK
F6630 - P2D12,F5,F5,53005,F6630,P2D12,L-117,True,9910,9746,3252,6494,164,0.3336753539913811,0.9834510595358223,0.016548940464177597,0.9983583008413708,PASS,OK
F6630 - P2E12,F5,F5,53005,F6630,P2E12,L-117,True,9910,9743,3284,6459,167,0.33706250641486196,0.9831483350151362,0.016851664984863773,0.9983577953402443,PASS,OK
F6630 - P2F12,F5,F5,53005,F6630,P2F12,L-117,True,9910,9748,3177,6571,162,0.3259130077964711,0.9836528758829465,0.016347124117053483,0.9887156339762002,PASS,OK
F6630 - P2G12,F5,F5,53005,F6630,P2G12,L-117,True,9910,9740,3261,6479,170,0.3348049281314168,0.9828456104944501,0.017154389505549948,0.9983572895277207,PASS,OK
F6630 - P3A1,F5,F5,53005,F6630,P3A1,L-117,True,9910,9719,3159,6560,191,0.32503343965428544,0.9807265388496468,0.01927346115035318,0.9957814589978393,PASS,OK
F6631 - P3A2,F5,F5,53005,F6631,P3A2,L-117,True,9910,9732,3203,6529,178,0.3291204274558159,0.9820383451059536,0.017961654894046417,0.9980476777640773,PASS,OK
F6631 - P3B1,F5,F5,53005,F6631,P3B1,L-117,True,9910,9734,3183,6551,176,0.32699815081158823,0.9822401614530777,0.0177598385469223,0.9463735360591741,PASS,OK
F6631 - P3C1,F5,F5,53005,F6631,P3C1,L-117,True,9910,9728,3244,6484,182,0.3334703947368421,0.9816347124117053,0.018365287588294654,0.998046875,PASS,OK
F6631 - P3D1,F5,F5,53005,F6631,P3D1,L-117,True,9910,9727,3203,6524,183,0.3292896062506425,0.9815338042381433,0.01846619576185671,0.9971214146191014,PASS,OK
F6631 - P3E1,F5,F5,53005,F6631,P3E1,L-117,True,9910,9730,3206,6524,180,0.3294964028776978,0.9818365287588294,0.018163471241170535,0.997327852004111,PASS,OK
F6631 - P3F1,F5,F5,53005,F6631,P3F1,L-117,True,9910,9710,2965,6745,200,0.30535530381050463,0.9798183652875883,0.020181634712411706,0.9883625128733264,PASS,OK
F6631 - P3G1,F5,F5,53005,F6631,P3G1,L-117,True,9910,9728,3232,6496,182,0.33223684210526316,0.9816347124117053,0.018365287588294654,0.9979440789473685,PASS,OK
F6631 - P3H1,F5,F5,53005,F6631,P3H1,L-117,True,9910,9719,3214,6505,191,0.3306924580718181,0.9807265388496468,0.01927346115035318,0.9976335013890318,PASS,OK
F6632 - P3B2,F5,F5,53005,F6632,P3B2,L-117,True,9910,9739,3265,6474,171,0.33525002566998663,0.982744702320888,0.01725529767911201,0.9986651606941165,PASS,OK
F6632 - P3C2,F5,F5,53005,F6632,P3C2,L-117,True,9910,9731,3301,6430,179,0.339225156715651,0.9819374369323915,0.018062563067608475,0.9960949542698592,PASS,OK
F6632 - P3D2,F5,F5,53005,F6632,P3D2,L-117,True,9910,9663,1633,8030,247,0.16899513608610162,0.9750756811301715,0.024924318869828457,0.9350098313153266,WARNING,reduced heterozygosity for hybrid (16.9%)
F6632 - P3E2,F5,F5,53005,F6632,P3E2,L-117,True,9910,9728,3228,6500,182,0.33182565789473684,0.9816347124117053,0.018365287588294654,0.9461348684210527,PASS,OK
F6632 - P3F2,F5,F5,53005,F6632,P3F2,L-117,True,9910,9733,3251,6482,177,0.33401828829754443,0.9821392532795157,0.01786074672048436,0.9985615945751567,PASS,OK
F6632 - P3G2,F5,F5,53005,F6632,P3G2,L-117,True,9910,9709,3204,6505,201,0.33000308991657223,0.9797174571140262,0.020282542885973764,0.9981460500566485,PASS,OK
F6633 - P3A3,F5,F5,53006,F6633,P3A3,L-VV3,True,9910,9724,3227,6497,186,0.3318593171534348,0.9812310797174572,0.018768920282542886,0.9979432332373509,PASS,OK
F6633 - P3B3,F5,F5,53006,F6633,P3B3,L-VV3,True,9910,9727,3220,6507,183,0.3310373188033309,0.9815338042381433,0.01846619576185671,0.9978410609643261,PASS,OK
F6633 - P3C3,F5,F5,53006,F6633,P3C3,L-VV3,True,9910,9701,3237,6464,209,0.3336769405215957,0.9789101917255297,0.021089808274470233,0.997113699618596,PASS,OK
F6633 - P3D3,F5,F5,53006,F6633,P3D3,L-VV3,True,9910,9714,3214,6500,196,0.3308626724315421,0.9802219979818365,0.01977800201816347,0.9970146180770023,PASS,OK
F6633 - P3E3,F5,F5,53006,F6633,P3E3,L-VV3,True,9910,9734,3221,6513,176,0.3309019930141771,0.9822401614530777,0.0177598385469223,0.9986644750359565,PASS,OK
F6633 - P3F3,F5,F5,53006,F6633,P3F3,L-VV3,True,9910,9720,3034,6686,190,0.3121399176954732,0.9808274470232089,0.01917255297679112,0.991358024691358,PASS,OK
F6633 - P3G3,F5,F5,53006,F6633,P3G3,L-VV3,True,9910,9736,3220,6516,174,0.3307313064913722,0.9824419778002018,0.017558022199798184,0.9987674609695973,PASS,OK
F6633 - P3H2,F5,F5,53006,F6633,P3H2,L-VV3,True,9910,9715,2835,6880,195,0.29181677817807516,0.9803229061553986,0.019677093844601413,0.9917653113741637,PASS,OK
F6634 - P3B4,F5,F5,53006,F6634,P3B4,L-VV3,True,9910,9711,2628,7083,199,0.2706209453197405,0.9799192734611504,0.020080726538849646,0.9546905571001957,PASS,OK
F6634 - P3C4,F5,F5,53006,F6634,P3C4,L-VV3,True,9910,9735,3282,6453,175,0.3371340523882897,0.9823410696266398,0.017658930373360242,0.9990755007704161,PASS,OK
F6634 - P3D4,F5,F5,53006,F6634,P3D4,L-VV3,True,9910,9727,2329,7398,183,0.23943661971830985,0.9815338042381433,0.01846619576185671,0.9817004215071451,PASS,OK
F6634 - P3E4,F5,F5,53006,F6634,P3E4,L-VV3,True,9910,9718,3213,6505,192,0.33062358509981477,0.9806256306760848,0.019374369323915237,0.9977361597036427,PASS,OK
F6634 - P3F4,F5,F5,53006,F6634,P3F4,L-VV3,True,9910,9736,3282,6454,174,0.3370994248151191,0.9824419778002018,0.017558022199798184,0.9975349219391948,PASS,OK
F6634 - P3G4,F5,F5,53006,F6634,P3G4,L-VV3,True,9910,9731,3220,6511,179,0.330901243448772,0.9819374369323915,0.018062563067608475,0.9979447127736101,PASS,OK
F6634 - P3H3,F5,F5,53006,F6634,P3H3,L-VV3,True,9910,9723,3234,6489,187,0.3326133909287257,0.981130171543895,0.018869828456104944,0.9973259282114574,PASS,OK
F6634 - P3H4,F5,F5,53006,F6634,P3H4,L-VV3,True,9910,9699,3211,6488,211,0.3310650582534282,0.9787083753784056,0.021291624621594347,0.997319311269203,PASS,OK
F6635 - P3A5,F5,F5,53006,F6635,P3A5,L-VV3,True,9910,9739,3202,6537,171,0.32878118903378173,0.982744702320888,0.01725529767911201,0.9974330013348393,PASS,OK
F6635 - P3B5,F5,F5,53006,F6635,P3B5,L-VV3,True,9910,9739,3293,6446,171,0.3381250641749666,0.982744702320888,0.01725529767911201,0.9972276414416265,PASS,OK
F6635 - P3C5,F5,F5,53006,F6635,P3C5,L-VV3,True,9910,9738,3259,6479,172,0.33466830971452044,0.9826437941473259,0.017356205852674066,0.9983569521462312,PASS,OK
F6635 - P3D5,F5,F5,53006,F6635,P3D5,L-VV3,True,9910,9728,3248,6480,182,0.3338815789473684,0.9816347124117053,0.018365287588294654,0.9981496710526315,PASS,OK
F6635 - P3E5,F5,F5,53006,F6635,P3E5,L-VV3,True,9910,9715,3226,6489,195,0.3320638188368502,0.9803229061553986,0.019677093844601413,0.9962943901183736,PASS,OK
F6635 - P3F5,F5,F5,53006,F6635,P3F5,L-VV3,True,9910,9735,3207,6528,175,0.32942989214175655,0.9823410696266398,0.017658930373360242,0.9984591679506933,PASS,OK
F6635 - P3G5,F5,F5,53006,F6635,P3G5,L-VV3,True,9910,9725,3232,6493,185,0.33233933161953727,0.9813319878910192,0.01866801210898083,0.9982519280205655,PASS,OK
F6635 - P3H5,F5,F5,53006,F6635,P3H5,L-VV3,True,9910,9711,3156,6555,199,0.3249922767995057,0.9799192734611504,0.020080726538849646,0.9287406034393986,PASS,OK
F6636 - P3A6,F5,F5,53006,F6636,P3A6,L-VV3,True,9910,9736,3248,6488,174,0.33360723089564503,0.9824419778002018,0.017558022199798184,0.9986647493837305,PASS,OK
F6636 - P3B6,F5,F5,53006,F6636,P3B6,L-VV3,True,9910,9728,3254,6474,182,0.3344983552631579,0.9816347124117053,0.018365287588294654,0.9984580592105263,PASS,OK
F6636 - P3C6,F5,F5,53006,F6636,P3C6,L-VV3,True,9910,9730,3292,6438,180,0.3383350462487153,0.9818365287588294,0.018163471241170535,0.9980472764645426,PASS,OK
F6636 - P3D6,F5,F5,53006,F6636,P3D6,L-VV3,True,9910,9735,3206,6529,175,0.3293271700051361,0.9823410696266398,0.017658930373360242,0.9979455572675912,PASS,OK
F6636 - P3E6,F5,F5,53006,F6636,P3E6,L-VV3,True,9910,9724,3195,6529,186,0.32856849033319624,0.9812310797174572,0.018768920282542886,0.9970176881941588,PASS,OK
F6636 - P3F6,F5,F5,53006,F6636,P3F6,L-VV3,True,9910,9728,3081,6647,182,0.31671463815789475,0.9816347124117053,0.018365287588294654,0.9950657894736842,PASS,OK
F6647 - P4A6,F5-DOBLE,F5-DOBLE,38589,F6647,P4A6,,True,9910,9747,3147,6600,163,0.3228685749461373,0.9835519677093845,0.01644803229061554,0.9822509490099518,PASS,OK
F6647 - P4B5,F5-DOBLE,F5-DOBLE,38589,F6647,P4B5,,True,9910,9747,3160,6587,163,0.32420231866215243,0.9835519677093845,0.01644803229061554,0.9928183030676105,PASS,OK
F6647 - P4B6,F5-DOBLE,F5-DOBLE,38589,F6647,P4B6,,True,9910,9749,3314,6435,161,0.33993230074879477,0.9837537840565086,0.016246215943491422,0.9902554108113653,PASS,OK
F6647 - P4C5,F5-DOBLE,F5-DOBLE,38589,F6647,P4C5,,True,9910,9753,3259,6494,157,0.3341535937660207,0.9841574167507569,0.01584258324924319,0.944529888239516,PASS,OK
F6647 - P4D5,F5-DOBLE,F5-DOBLE,38589,F6647,P4D5,,True,9910,9742,3161,6581,168,0.3244713611168138,0.9830474268415742,0.016952573158425834,0.987990145760624,PASS,OK
F6647 - P4E5,F5-DOBLE,F5-DOBLE,38589,F6647,P4E5,,True,9910,9749,3342,6407,161,0.34280439019386605,0.9837537840565086,0.016246215943491422,0.9748692173556263,PASS,OK
F6647 - P4F5,F5-DOBLE,F5-DOBLE,38589,F6647,P4F5,,True,9910,9733,2584,7149,177,0.2654885441282236,0.9821392532795157,0.01786074672048436,0.9477036884824823,PASS,OK
F6647 - P4G5,F5-DOBLE,F5-DOBLE,38589,F6647,P4G5,,True,9910,9747,3331,6416,163,0.34174617831127524,0.9835519677093845,0.01644803229061554,0.9897404329537294,PASS,OK
F6647 - P4H4,F5-DOBLE,F5-DOBLE,38589,F6647,P4H4,,True,9910,9742,3127,6615,168,0.3209813180045165,0.9830474268415742,0.016952573158425834,0.9786491480188872,PASS,OK
F6647 - P4H5,F5-DOBLE,F5-DOBLE,38589,F6647,P4H5,,True,9910,9737,3214,6523,173,0.3300811338194516,0.9825428859737638,0.017457114026236124,0.9774057717982951,PASS,OK
F6648 - P4A7,F5-DOBLE,F5-DOBLE,38589,F6648,P4A7,,True,9910,9756,3254,6502,154,0.3335383353833538,0.984460141271443,0.015539858728557013,0.990979909799098,PASS,OK
F6648 - P4B7,F5-DOBLE,F5-DOBLE,38589,F6648,P4B7,,True,9910,9750,3234,6516,160,0.3316923076923077,0.9838546922300706,0.016145307769929364,0.9906666666666667,PASS,OK
F6648 - P4C6,F5-DOBLE,F5-DOBLE,38589,F6648,P4C6,,True,9910,9735,3246,6489,175,0.33343605546995375,0.9823410696266398,0.017658930373360242,0.9844889573703133,PASS,OK
F6648 - P4C7,F5-DOBLE,F5-DOBLE,38589,F6648,P4C7,,True,9910,9737,3265,6472,173,0.3353188867207559,0.9825428859737638,0.017457114026236124,0.9896271952346719,PASS,OK
F6648 - P4D6,F5-DOBLE,F5-DOBLE,38589,F6648,P4D6,,True,9910,9749,3206,6543,161,0.3288542414606626,0.9837537840565086,0.016246215943491422,0.9888193660888296,PASS,OK
F6648 - P4D7,F5-DOBLE,F5-DOBLE,38589,F6648,P4D7,,True,9910,9723,3258,6465,187,0.33508176488738045,0.981130171543895,0.018869828456104944,0.9926977270389797,PASS,OK
F6648 - P4E6,F5-DOBLE,F5-DOBLE,38589,F6648,P4E6,,True,9910,9720,3252,6468,190,0.3345679012345679,0.9808274470232089,0.01917255297679112,0.9922839506172839,PASS,OK
F6648 - P4F6,F5-DOBLE,F5-DOBLE,38589,F6648,P4F6,,True,9910,9740,3233,6507,170,0.33193018480492814,0.9828456104944501,0.017154389505549948,0.9928131416837782,PASS,OK
F6648 - P4G6,F5-DOBLE,F5-DOBLE,38589,F6648,P4G6,,True,9910,9738,3225,6513,172,0.33117683302526185,0.9826437941473259,0.017356205852674066,0.9854179502978024,PASS,OK
F6648 - P4H6,F5-DOBLE,F5-DOBLE,38589,F6648,P4H6,,True,9910,9742,3289,6453,168,0.3376103469513447,0.9830474268415742,0.016952573158425834,0.9880927940874564,PASS,OK
F6649 - P4A8,F5-DOBLE,F5-DOBLE,38589,F6649,P4A8,,True,9910,9735,3158,6577,175,0.32439650744735493,0.9823410696266398,0.017658930373360242,0.9705187467899332,PASS,OK
F6649 - P4B8,F5-DOBLE,F5-DOBLE,38589,F6649,P4B8,,True,9910,9757,3265,6492,153,0.33463154658194116,0.984561049445005,0.015438950554994954,0.9875986471251409,PASS,OK
F6649 - P4C8,F5-DOBLE,F5-DOBLE,38589,F6649,P4C8,,True,9910,9743,3215,6528,167,0.3299804988196654,0.9831483350151362,0.016851664984863773,0.9914810633275172,PASS,OK
F6649 - P4D8,F5-DOBLE,F5-DOBLE,38589,F6649,P4D8,,True,9910,9747,3101,6646,163,0.31814917410485277,0.9835519677093845,0.01644803229061554,0.989843028624192,PASS,OK
F6649 - P4E7,F5-DOBLE,F5-DOBLE,38589,F6649,P4E7,,True,9910,9759,3233,6526,151,0.33128394302694947,0.9847628657921291,0.015237134207870838,0.9831949994876524,PASS,OK
F6649 - P4E8,F5-DOBLE,F5-DOBLE,38589,F6649,P4E8,,True,9910,9745,3156,6589,165,0.32385838891739355,0.9833501513622603,0.016649848637739658,0.987891226269882,PASS,OK
F6649 - P4F7,F5-DOBLE,F5-DOBLE,38589,F6649,P4F7,,True,9910,9742,3211,6531,168,0.32960377745842745,0.9830474268415742,0.016952573158425834,0.9832683227263396,PASS,OK
F6649 - P4F8,F5-DOBLE,F5-DOBLE,38589,F6649,P4F8,,True,9910,9751,3167,6584,159,0.3247872013126859,0.9839556004036327,0.016044399596367307,0.9863603732950467,PASS,OK
F6649 - P4G7,F5-DOBLE,F5-DOBLE,38589,F6649,P4G7,,True,9910,9737,3162,6575,173,0.3247406798808668,0.9825428859737638,0.017457114026236124,0.969395090890418,PASS,OK
F6649 - P4H7,F5-DOBLE,F5-DOBLE,38589,F6649,P4H7,,True,9910,9739,3204,6535,171,0.3289865489269946,0.982744702320888,0.01725529767911201,0.9892186056063251,PASS,OK
F6650 - P4A9,F5-DOBLE,F5-DOBLE,38589,F6650,P4A9,,True,9910,9744,3235,6509,166,0.3319991789819376,0.9832492431886983,0.016750756811301715,0.9751642036124795,PASS,OK
F6650 - P4B9,F5-DOBLE,F5-DOBLE,38589,F6650,P4B9,,True,9910,9742,3145,6597,168,0.3228289878874974,0.9830474268415742,0.016952573158425834,0.9863477725313078,PASS,OK
F6650 - P4C9,F5-DOBLE,F5-DOBLE,38589,F6650,P4C9,,True,9910,9731,3299,6432,179,0.339019627993012,0.9819374369323915,0.018062563067608475,0.9918816154557599,PASS,OK
F6650 - P4G8,F5-DOBLE,F5-DOBLE,38589,F6650,P4G8,,True,9910,9743,3246,6497,167,0.3331622703479421,0.9831483350151362,0.016851664984863773,0.9868623627219543,PASS,OK
F6650 - P4H8,F5-DOBLE,F5-DOBLE,38589,F6650,P4H8,,True,9910,9749,3303,6446,161,0.33880397989537386,0.9837537840565086,0.016246215943491422,0.9908708585495948,PASS,OK
F6651 - P4D9,F5-DOBLE,F5-DOBLE,38589,F6651,P4D9,,True,9910,9751,3239,6512,159,0.33217105937852526,0.9839556004036327,0.016044399596367307,0.9780535329709773,PASS,OK
F6651 - P4E9,F5-DOBLE,F5-DOBLE,38589,F6651,P4E9,,True,9910,9751,3143,6608,159,0.3223259152907394,0.9839556004036327,0.016044399596367307,0.9891293200697364,PASS,OK
F6651 - P4F9,F5-DOBLE,F5-DOBLE,38589,F6651,P4F9,,True,9910,9746,3249,6497,164,0.3333675353991381,0.9834510595358223,0.016548940464177597,0.9913810794171968,PASS,OK
F6651 - P4G9,F5-DOBLE,F5-DOBLE,38589,F6651,P4G9,,True,9910,9749,3023,6726,161,0.310083085444661,0.9837537840565086,0.016246215943491422,0.976715560570315,PASS,OK
F6651 - P4H9,F5-DOBLE,F5-DOBLE,38589,F6651,P4H9,,True,9910,9734,3227,6507,176,0.331518389151428,0.9822401614530777,0.0177598385469223,0.9919868502157386,PASS,OK
F6656 - P4E12,Hembra F5,Hembra F5,46501,F6656,P4E12,,True,9910,9722,2109,7613,188,0.21693067270109032,0.981029263370333,0.018970736629667004,1.0,PASS,OK
F6656 - P4F12,Hembra F5,Hembra F5,46501,F6656,P4F12,,True,9910,9715,2104,7611,195,0.21657231085949563,0.9803229061553986,0.019677093844601413,1.0,PASS,OK
F6656 - P4G12,Hembra F5,Hembra F5,46501,F6656,P4G12,,True,9910,9717,2106,7611,193,0.2167335597406607,0.9805247225025226,0.019475277497477295,1.0,PASS,OK
F6656 - P5A1,Hembra F5,Hembra F5,46501,F6656,P5A1,,True,9910,9702,2087,7615,208,0.21511028653885797,0.9790110998990919,0.020988900100908172,1.0,PASS,OK
F6656 - P5B1,Hembra F5,Hembra F5,46501,F6656,P5B1,,True,9910,9704,2092,7612,206,0.21558120362737015,0.979212916246216,0.020787083753784057,0.9998969497114591,PASS,OK
F6657 - P5C1,Hembra F5,Hembra F5,46501,F6657,P5C1,,True,9910,9713,2088,7625,197,0.21496962833316174,0.9801210898082745,0.01987891019172553,0.9998970451971585,PASS,OK
F6657 - P5D1,Hembra F5,Hembra F5,46501,F6657,P5D1,,True,9910,9706,2094,7612,204,0.21574283948073356,0.9794147325933401,0.02058526740665994,0.9997939418916134,PASS,OK
F6657 - P5E1,Hembra F5,Hembra F5,46501,F6657,P5E1,,True,9910,9713,2105,7608,197,0.21671985998146814,0.9801210898082745,0.01987891019172553,1.0,PASS,OK
F6657 - P5F1,Hembra F5,Hembra F5,46501,F6657,P5F1,,True,9910,9718,2108,7610,192,0.216917061123688,0.9806256306760848,0.019374369323915237,0.9998970981683474,PASS,OK
F6657 - P5G1,Hembra F5,Hembra F5,46501,F6657,P5G1,,True,9910,9711,2095,7616,199,0.21573473380702296,0.9799192734611504,0.020080726538849646,1.0,PASS,OK
F6658 - P5A2,Hembra F5,Hembra F5,30000,F6658,P5A2,,True,9910,9703,2085,7618,207,0.21488199525919818,0.9791120080726539,0.020887991927346115,1.0,PASS,OK
F6658 - P5B2,Hembra F5,Hembra F5,30000,F6658,P5B2,,True,9910,9715,2082,7633,195,0.21430777148739064,0.9803229061553986,0.019677093844601413,1.0,PASS,OK
F6658 - P5C2,Hembra F5,Hembra F5,30000,F6658,P5C2,,True,9910,9719,2097,7622,191,0.21576293857392737,0.9807265388496468,0.01927346115035318,1.0,PASS,OK
F6658 - P5D2,Hembra F5,Hembra F5,30000,F6658,P5D2,,True,9910,9715,2097,7618,195,0.21585177560473495,0.9803229061553986,0.019677093844601413,1.0,PASS,OK
F6658 - P5H1,Hembra F5,Hembra F5,30000,F6658,P5H1,,True,9910,9702,2052,7650,208,0.21150278293135436,0.9790110998990919,0.020988900100908172,0.9996907854050712,PASS,OK
F6659 - P5A3,Hembra F5,Hembra F5,30000,F6659,P5A3,,True,9910,9655,2003,7652,255,0.20745727602278613,0.9742684157416751,0.025731584258324926,0.9998964267219057,PASS,OK
F6659 - P5E2,Hembra F5,Hembra F5,30000,F6659,P5E2,,True,9910,9718,2105,7613,192,0.21660835562873018,0.9806256306760848,0.019374369323915237,1.0,PASS,OK
F6659 - P5F2,Hembra F5,Hembra F5,30000,F6659,P5F2,,True,9910,9714,2103,7611,196,0.21649166151945645,0.9802219979818365,0.01977800201816347,1.0,PASS,OK
F6659 - P5G2,Hembra F5,Hembra F5,30000,F6659,P5G2,,True,9910,9710,2082,7628,200,0.21441812564366633,0.9798183652875883,0.020181634712411706,0.9998970133882595,PASS,OK
F6659 - P5H2,Hembra F5,Hembra F5,30000,F6659,P5H2,,True,9910,9648,2008,7640,262,0.20812603648424544,0.9735620585267407,0.026437941473259334,1.0,PASS,OK
F6664 - P5B6,Hembra F5,Hembra F5,29511,F6664,P5B6,,True,9910,9694,2059,7635,216,0.21239942232308645,0.9782038345105953,0.02179616548940464,1.0,PASS,OK
F6664 - P5C6,Hembra F5,Hembra F5,29511,F6664,P5C6,,True,9910,9708,2089,7619,202,0.21518335393489904,0.9796165489404641,0.02038345105953582,0.999896992171405,PASS,OK
F6664 - P5D6,Hembra F5,Hembra F5,29511,F6664,P5D6,,True,9910,9676,2059,7617,234,0.21279454319966928,0.9763874873864783,0.023612512613521694,0.9997933030177759,PASS,OK
F6664 - P5E6,Hembra F5,Hembra F5,29511,F6664,P5E6,,True,9910,0,0,0,9910,,0.0,1.0,,WARNING,high fail rate (100.0%)
F6664 - P5F5,Hembra F5,Hembra F5,29511,F6664,P5F5,,True,9910,9707,2061,7646,203,0.21232100545997734,0.9795156407669021,0.020484359233097882,1.0,PASS,OK
F6664 - P5F6,Hembra F5,Hembra F5,29511,F6664,P5F6,,True,9910,9632,12,9620,278,0.0012458471760797341,0.9719475277497477,0.02805247225025227,0.995328073089701,FAIL,low heterozygosity for hybrid (0.1%; expected >20%)
F6664 - P5G5,Hembra F5,Hembra F5,29511,F6664,P5G5,,True,9910,9658,2016,7642,252,0.20873886933112445,0.9745711402623612,0.02542885973763875,0.999792917788362,PASS,OK
F6664 - P5G6,Hembra F5,Hembra F5,29511,F6664,P5G6,,True,9910,9618,1990,7628,292,0.20690372218756498,0.9705348133198789,0.02946518668012109,0.9993761696818465,PASS,OK
F6664 - P5H5,Hembra F5,Hembra F5,29511,F6664,P5H5,,True,9910,9655,2028,7627,255,0.2100466079751424,0.9742684157416751,0.025731584258324926,0.9998964267219057,PASS,OK
F6664 - P5H6,Hembra F5,Hembra F5,29511,F6664,P5H6,,True,9910,9638,2005,7633,272,0.20803071176592655,0.9725529767911201,0.027447023208879918,0.999896244034032,PASS,OK
F6665 - P5A7,Hembra F5,Hembra F5,29511,F6665,P5A7,,True,9910,9685,2041,7644,225,0.21073825503355706,0.9772956609485368,0.022704339051463168,1.0,PASS,OK
F6665 - P5A8,Hembra F5,Hembra F5,29511,F6665,P5A8,,True,9910,9713,2090,7623,197,0.21517553793884484,0.9801210898082745,0.01987891019172553,1.0,PASS,OK
F6665 - P5B7,Hembra F5,Hembra F5,29511,F6665,P5B7,,True,9910,9710,2097,7613,200,0.21596292481977342,0.9798183652875883,0.020181634712411706,0.9998970133882595,PASS,OK
F6665 - P5B8,Hembra F5,Hembra F5,29511,F6665,P5B8,,True,9910,9713,2089,7624,197,0.2150725831360033,0.9801210898082745,0.01987891019172553,0.9998970451971585,PASS,OK
F6665 - P5C7,Hembra F5,Hembra F5,29511,F6665,P5C7,,True,9910,9711,2097,7614,199,0.2159406858202039,0.9799192734611504,0.020080726538849646,0.9998970239934095,PASS,OK
F6665 - P5D7,Hembra F5,Hembra F5,29511,F6665,P5D7,,True,9910,9719,2110,7609,191,0.21710052474534416,0.9807265388496468,0.01927346115035318,0.9998971087560449,PASS,OK
F6665 - P5E7,Hembra F5,Hembra F5,29511,F6665,P5E7,,True,9910,9716,2102,7614,194,0.21634417455743105,0.9804238143289606,0.019576185671039355,0.9998970769864142,PASS,OK
F6665 - P5F7,Hembra F5,Hembra F5,29511,F6665,P5F7,,True,9910,9713,2084,7629,197,0.21455780912179553,0.9801210898082745,0.01987891019172553,1.0,PASS,OK
F6665 - P5G7,Hembra F5,Hembra F5,29511,F6665,P5G7,,True,9910,9690,2063,7627,220,0.2128998968008256,0.9778002018163471,0.022199798183652877,0.9998968008255934,PASS,OK
F6665 - P5H7,Hembra F5,Hembra F5,29511,F6665,P5H7,,True,9910,9613,1990,7623,297,0.20701133881202538,0.9700302724520686,0.029969727547931382,0.999791948403204,PASS,OK
F6666 - P5C8,Hembra F5,Hembra F5,29511,F6666,P5C8,,True,9910,9717,2098,7619,193,0.21591026036842648,0.9805247225025226,0.019475277497477295,1.0,PASS,OK
F6666 - P5D8,Hembra F5,Hembra F5,29511,F6666,P5D8,,True,9910,9709,2096,7613,201,0.2158821711813781,0.9797174571140262,0.020282542885973764,0.9998970027809249,PASS,OK
F6666 - P5E8,Hembra F5,Hembra F5,29511,F6666,P5E8,,True,9910,9712,2091,7621,198,0.2153006589785832,0.9800201816347124,0.019979818365287588,0.9998970345963756,PASS,OK
F6666 - P5F8,Hembra F5,Hembra F5,29511,F6666,P5F8,,True,9910,9719,2076,7643,191,0.21360222245086943,0.9807265388496468,0.01927346115035318,1.0,PASS,OK
F6666 - P5G8,Hembra F5,Hembra F5,29511,F6666,P5G8,,True,9910,9701,2066,7635,209,0.21296773528502216,0.9789101917255297,0.021089808274470233,0.9998969178435213,PASS,OK
F6667 - P5A9,Hembra F5,Hembra F5,29511,F6667,P5A9,,True,9910,9712,2095,7617,198,0.21571252059308071,0.9800201816347124,0.019979818365287588,1.0,PASS,OK
F6667 - P5B9,Hembra F5,Hembra F5,29511,F6667,P5B9,,True,9910,9716,2105,7611,194,0.21665294359818857,0.9804238143289606,0.019576185671039355,1.0,PASS,OK
F6667 - P5C9,Hembra F5,Hembra F5,29511,F6667,P5C9,,True,9910,9712,2075,7637,198,0.21365321252059308,0.9800201816347124,0.019979818365287588,1.0,PASS,OK
F6667 - P5D9,Hembra F5,Hembra F5,29511,F6667,P5D9,,True,9910,9713,2071,7642,197,0.21321939668485534,0.9801210898082745,0.01987891019172553,1.0,PASS,OK
F6667 - P5H8,Hembra F5,Hembra F5,29511,F6667,P5H8,,True,9910,9624,1992,7632,286,0.20698254364089774,0.9711402623612513,0.028859737638748738,0.9997921862011637,PASS,OK
F6668 - P5E9,CLWQHZN86,CLWQHZN86,45037,F6668,P5E9,,False,9910,9660,29,9631,250,0.003002070393374741,0.9747729566094854,0.025227043390514632,1.0,PASS,OK
F6668 - P5F9,CLWQHZN86,CLWQHZN86,45037,F6668,P5F9,,False,9910,9745,3214,6531,165,0.3298101590559261,0.9833501513622603,0.016649848637739658,0.9959979476654695,FAIL,high heterozygosity for inbred (33.0%)
F6669 - P5G9,CLWQHZN86,CLWQHZN86,45037,F6669,P5G9,,False,9910,9652,23,9629,258,0.002382925818483216,0.9739656912209889,0.0260343087790111,0.9998963945296312,PASS,OK
F6670 - P5H9,CLWQHZN86,CLWQHZN86,45037,F6670,P5H9,,False,9910,9642,24,9618,268,0.002489110143123833,0.9729566094853683,0.027043390514631685,0.9998962870773699,PASS,OK
F6671 - P5A10,CLWQHZN86,CLWQHZN86,45037,F6671,P5A10,,False,9910,9660,19,9641,250,0.0019668737060041406,0.9747729566094854,0.025227043390514632,0.9992753623188406,PASS,OK
F6672 - P5B10,CLWQHZN86,CLWQHZN86,29510,F6672,P5B10,,False,9910,9652,10,9642,258,0.0010360547036883548,0.9739656912209889,0.0260343087790111,0.8984666390385412,WARNING,reduced concordance (89.8%)
F6672 - P5C10,CLWQHZN86,CLWQHZN86,29510,F6672,P5C10,,False,9910,9656,25,9631,254,0.0025890637945318973,0.9743693239152371,0.025630676084762865,0.9996893123446562,PASS,OK
F6673 - P5D10,CLWQHZN86,CLWQHZN86,29510,F6673,P5D10,,False,9910,9658,29,9629,252,0.003002692068751294,0.9745711402623612,0.02542885973763875,1.0,PASS,OK
F6674 - P5E10,CLWQHZN86,CLWQHZN86,29510,F6674,P5E10,,False,9910,9684,855,8829,226,0.08828996282527882,0.9771947527749748,0.02280524722502523,0.9420693928128873,WARNING,elevated heterozygosity for inbred (8.8%)
F6675 - P5F10,CLWQHZN86,CLWQHZN86,29510,F6675,P5F10,,False,9910,9653,11,9642,257,0.001139542111260748,0.974066599394551,0.02593340060544904,0.8984771573604061,WARNING,reduced concordance (89.8%)
F6676 - P5A11,CLWQHZN86,CLWQHZN86,33733,F6676,P5A11,,False,9910,9679,674,9005,231,0.06963529290215932,0.9766902119071644,0.02330978809283552,0.9987602025002583,WARNING,elevated heterozygosity for inbred (7.0%)
F6676 - P5G10,CLWQHZN86,CLWQHZN86,33733,F6676,P5G10,,False,9910,9646,15,9631,264,0.0015550487248600455,0.9733602421796166,0.026639757820383452,0.9989633008500933,PASS,OK
F6676 - P5H10,CLWQHZN86,CLWQHZN86,33733,F6676,P5H10,,False,9910,9645,109,9536,265,0.011301192327630896,0.9732593340060545,0.02674066599394551,0.9983411093831001,PASS,OK
F6677 - P5B11,CLWQHZN86,CLWQHZN86,33733,F6677,P5B11,,False,9910,9660,16,9644,250,0.0016563146997929607,0.9747729566094854,0.025227043390514632,0.9989648033126294,PASS,OK
F6677 - P5C11,CLWQHZN86,CLWQHZN86,33733,F6677,P5C11,,False,9910,9656,17,9639,254,0.0017605633802816902,0.9743693239152371,0.025630676084762865,1.0,PASS,OK
F6678 - P5D11,CLWQHZN86,CLWQHZN86,3729,F6678,P5D11,,False,9910,9658,15,9643,252,0.0015531165872851522,0.9745711402623612,0.02542885973763875,0.999171671153448,PASS,OK
F6678 - P5E11,CLWQHZN86,CLWQHZN86,3729,F6678,P5E11,,False,9910,9660,15,9645,250,0.0015527950310559005,0.9747729566094854,0.025227043390514632,0.9989648033126294,PASS,OK
F6678 - P5F11,CLWQHZN86,CLWQHZN86,3729,F6678,P5F11,,False,9910,9656,15,9641,254,0.0015534382767191384,0.9743693239152371,0.025630676084762865,0.9995857497928748,PASS,OK
F6679 - P5G11,CLWQHZN86,CLWQHZN86,3729,F6679,P5G11,,False,9910,9643,24,9619,267,0.0024888520170071554,0.9730575176589303,0.026942482341069628,0.9997925956652494,PASS,OK
F6679 - P5H11,CLWQHZN86,CLWQHZN86,3729,F6679,P5H11,,False,9910,9645,14,9631,265,0.0014515292897874547,0.9732593340060545,0.02674066599394551,0.9989631933644375,PASS,OK
F6680 - P5A12,CLWQHZN86,CLWQHZN86,11874,F6680,P5A12,,False,9910,9654,14,9640,256,0.00145017609281127,0.974167507568113,0.025832492431886983,0.9998964159933706,PASS,OK
F6680 - P5B12,CLWQHZN86,CLWQHZN86,11874,F6680,P5B12,,False,9910,9656,14,9642,254,0.0014498757249378626,0.9743693239152371,0.025630676084762865,0.9998964374482188,PASS,OK
F6680 - P5C12,CLWQHZN86,CLWQHZN86,11874,F6680,P5C12,,False,9910,9657,16,9641,253,0.0016568292430361397,0.9744702320887992,0.025529767911200808,0.9998964481723103,PASS,OK
F6680 - P5D12,CLWQHZN86,CLWQHZN86,11874,F6680,P5D12,,False,9910,9654,15,9639,256,0.0015537600994406464,0.974167507568113,0.025832492431886983,1.0,PASS,OK
F6680 - P5E12,CLWQHZN86,CLWQHZN86,11874,F6680,P5E12,,False,9910,9657,14,9643,253,0.0014497255876566222,0.9744702320887992,0.025529767911200808,1.0,PASS,OK
F6681 - P5F12,Hembra F7,Hembra F7,45000,F6681,P5F12,,False,9910,9701,1502,8199,209,0.15482939903102774,0.9789101917255297,0.021089808274470233,0.9953613029584579,FAIL,high heterozygosity for inbred (15.5%)
F6681 - P5G12,Hembra F7,Hembra F7,45000,F6681,P5G12,,False,9910,9722,3149,6573,188,0.3239045463896318,0.981029263370333,0.018970736629667004,0.9296441061509977,FAIL,high heterozygosity for inbred (32.4%)
F6681 - P6A1,Hembra F7,Hembra F7,45000,F6681,P6A1,,False,9910,9706,1549,8157,204,0.1595920049453946,0.9794147325933401,0.02058526740665994,0.9880486297135792,FAIL,high heterozygosity for inbred (16.0%)
F6681 - P6B1,Hembra F7,Hembra F7,45000,F6681,P6B1,,False,9910,9699,1388,8311,211,0.14310753685947006,0.9787083753784056,0.021291624621594347,0.9997937931745541,FAIL,high heterozygosity for inbred (14.3%)
F6681 - P6C1,Hembra F7,Hembra F7,45000,F6681,P6C1,,False,9910,9699,1392,8307,211,0.1435199505103619,0.9787083753784056,0.021291624621594347,0.9980410351582637,FAIL,high heterozygosity for inbred (14.4%)
F6682 - P6D1,Hembra F7,Hembra F7,45000,F6682,P6D1,,False,9910,9690,1093,8597,220,0.11279669762641899,0.9778002018163471,0.022199798183652877,0.9901960784313726,FAIL,high heterozygosity for inbred (11.3%)
F6682 - P6E1,Hembra F7,Hembra F7,45000,F6682,P6E1,,False,9910,9686,1057,8629,224,0.10912657443733223,0.9773965691220989,0.02260343087790111,0.9913276894486889,FAIL,high heterozygosity for inbred (10.9%)
F6682 - P6F1,Hembra F7,Hembra F7,45000,F6682,P6F1,,False,9910,9695,1412,8283,215,0.14564208354822072,0.9783047426841575,0.021695257315842584,0.9954615781330582,FAIL,high heterozygosity for inbred (14.6%)
F6682 - P6G1,Hembra F7,Hembra F7,45000,F6682,P6G1,,False,9910,9693,1229,8464,217,0.12679253069225213,0.9781029263370333,0.021897073662966702,0.9959764778706283,FAIL,high heterozygosity for inbred (12.7%)
F6682 - P6H1,Hembra F7,Hembra F7,45000,F6682,P6H1,,False,9910,9719,1632,8087,191,0.16791851013478754,0.9807265388496468,0.01927346115035318,0.9908426792879926,FAIL,high heterozygosity for inbred (16.8%)
F6683 - P6A2,Hembra F5B,Hembra F5B,48811,F6683,P6A2,,True,9910,9703,2066,7637,207,0.21292383798825107,0.9791120080726539,0.020887991927346115,1.0,PASS,OK
F6683 - P6B2,Hembra F5B,Hembra F5B,48811,F6683,P6B2,,True,9910,9710,2076,7634,200,0.21380020597322347,0.9798183652875883,0.020181634712411706,1.0,PASS,OK
F6683 - P6C2,Hembra F5B,Hembra F5B,48811,F6683,P6C2,,True,9910,9716,2088,7628,194,0.21490325236722932,0.9804238143289606,0.019576185671039355,1.0,PASS,OK
F6683 - P6D2,Hembra F5B,Hembra F5B,48811,F6683,P6D2,,True,9910,9717,2085,7632,193,0.21457239888854585,0.9805247225025226,0.019475277497477295,1.0,PASS,OK
F6683 - P6E2,Hembra F5B,Hembra F5B,48811,F6683,P6E2,,True,9910,9714,2082,7632,196,0.21432983323038912,0.9802219979818365,0.01977800201816347,1.0,PASS,OK
F6684 - P6A3,Hembra F5B,Hembra F5B,48811,F6684,P6A3,,True,9910,9709,2075,7634,201,0.2137192295808013,0.9797174571140262,0.020282542885973764,1.0,PASS,OK
F6684 - P6B3,Hembra F5B,Hembra F5B,48811,F6684,P6B3,,True,9910,9715,2083,7632,195,0.2144107050952136,0.9803229061553986,0.019677093844601413,1.0,PASS,OK
F6684 - P6F2,Hembra F5B,Hembra F5B,48811,F6684,P6F2,,True,9910,9715,2083,7632,195,0.2144107050952136,0.9803229061553986,0.019677093844601413,1.0,PASS,OK
F6684 - P6G2,Hembra F5B,Hembra F5B,48811,F6684,P6G2,,True,9910,9712,2079,7633,198,0.2140650741350906,0.9800201816347124,0.019979818365287588,1.0,PASS,OK
F6684 - P6H2,Hembra F5B,Hembra F5B,48811,F6684,P6H2,,True,9910,9715,2081,7634,195,0.21420483787956768,0.9803229061553986,0.019677093844601413,1.0,PASS,OK
F6685 - P6C3,SNHWZ241205,SNHWZ241205,48813,F6685,P6C3,,True,9910,9746,2711,7035,164,0.27816540119023186,0.9834510595358223,0.016548940464177597,0.9994869690129283,PASS,OK
F6685 - P6D3,SNHWZ241205,SNHWZ241205,48813,F6685,P6D3,,True,9910,9747,2695,7052,163,0.27649533189699393,0.9835519677093845,0.01644803229061554,1.0,PASS,OK
F6685 - P6E3,SNHWZ241205,SNHWZ241205,48813,F6685,P6E3,,True,9910,9737,2602,7135,173,0.26722809900379996,0.9825428859737638,0.017457114026236124,0.9978432782171099,PASS,OK
F6685 - P6F3,SNHWZ241205,SNHWZ241205,48813,F6685,P6F3,,True,9910,9745,2687,7058,165,0.27573114417650074,0.9833501513622603,0.016649848637739658,1.0,PASS,OK
F6685 - P6G3,SNHWZ241205,SNHWZ241205,48813,F6685,P6G3,,True,9910,9734,2667,7067,176,0.27398808300801314,0.9822401614530777,0.0177598385469223,0.9998972673104581,PASS,OK
F6686 - P6A4,SNHWZ241205,SNHWZ241205,48813,F6686,P6A4,,True,9910,9722,2680,7042,188,0.27566344373585683,0.981029263370333,0.018970736629667004,0.9998971405060687,PASS,OK
F6686 - P6B4,SNHWZ241205,SNHWZ241205,48813,F6686,P6B4,,True,9910,9736,2616,7120,174,0.2686935086277732,0.9824419778002018,0.017558022199798184,0.9993837304847987,PASS,OK
F6686 - P6C4,SNHWZ241205,SNHWZ241205,48813,F6686,P6C4,,True,9910,9736,2667,7069,174,0.2739317995069844,0.9824419778002018,0.017558022199798184,0.9992810188989318,PASS,OK
F6686 - P6D4,SNHWZ241205,SNHWZ241205,48813,F6686,P6D4,,True,9910,9744,2737,7007,166,0.28089080459770116,0.9832492431886983,0.016750756811301715,0.9991789819376026,PASS,OK
F6686 - P6H3,SNHWZ241205,SNHWZ241205,48813,F6686,P6H3,,True,9910,9737,2651,7086,173,0.27226044983054326,0.9825428859737638,0.017457114026236124,0.999794597925439,PASS,OK
F6687 - P6A5,SNHWZ230164,SNHWZ230164,48815,F6687,P6A5,,True,9910,9719,2139,7580,191,0.2200843708200432,0.9807265388496468,0.01927346115035318,0.9994855437802243,PASS,OK
F6687 - P6E4,SNHWZ230164,SNHWZ230164,48815,F6687,P6E4,,True,9910,9720,2017,7703,190,0.20751028806584362,0.9808274470232089,0.01917255297679112,0.9996913580246913,PASS,OK
F6687 - P6F4,SNHWZ230164,SNHWZ230164,48815,F6687,P6F4,,True,9910,9716,2105,7611,194,0.21665294359818857,0.9804238143289606,0.019576185671039355,1.0,PASS,OK
F6687 - P6G4,SNHWZ230164,SNHWZ230164,48815,F6687,P6G4,,True,9910,9721,2162,7559,189,0.22240510235572472,0.9809283551967709,0.019071644803229062,1.0,PASS,OK
F6687 - P6H4,SNHWZ230164,SNHWZ230164,48815,F6687,P6H4,,True,9910,9706,2115,7591,204,0.2179064496187925,0.9794147325933401,0.02058526740665994,0.9998969709458068,PASS,OK
F6688 - P6B5,SNHWZ230164,SNHWZ230164,48815,F6688,P6B5,,True,9910,9715,2039,7676,195,0.2098816263510036,0.9803229061553986,0.019677093844601413,0.9994853319608852,PASS,OK
F6688 - P6C5,SNHWZ230164,SNHWZ230164,48815,F6688,P6C5,,True,9910,9715,2046,7669,195,0.21060216160576428,0.9803229061553986,0.019677093844601413,0.9996911991765312,PASS,OK
F6688 - P6D5,SNHWZ230164,SNHWZ230164,48815,F6688,P6D5,,True,9910,9723,2177,7546,187,0.22390208783297336,0.981130171543895,0.018869828456104944,0.9998971510850561,PASS,OK
F6688 - P6E5,SNHWZ230164,SNHWZ230164,48815,F6688,P6E5,,True,9910,9710,1983,7727,200,0.20422245108135942,0.9798183652875883,0.020181634712411706,0.9996910401647786,PASS,OK
F6688 - P6F5,SNHWZ230164,SNHWZ230164,48815,F6688,P6F5,,True,9910,9722,2165,7557,188,0.22269080436124256,0.981029263370333,0.018970736629667004,1.0,PASS,OK
F6689 - P6A6,SNMLWZ211776,SNMLWZ211776,48814,F6689,P6A6,,False,9910,9647,263,9384,263,0.027262361355861926,0.9734611503531786,0.02653884964682139,0.9987560899761584,PASS,OK
F6689 - P6B6,SNMLWZ211776,SNMLWZ211776,48814,F6689,P6B6,,False,9910,9656,366,9290,254,0.037903893951946974,0.9743693239152371,0.025630676084762865,0.9915078707539354,PASS,OK
F6689 - P6C6,SNMLWZ211776,SNMLWZ211776,48814,F6689,P6C6,,False,9910,9660,396,9264,250,0.040993788819875775,0.9747729566094854,0.025227043390514632,0.9899585921325051,PASS,OK
F6689 - P6G5,SNMLWZ211776,SNMLWZ211776,48814,F6689,P6G5,,False,9910,9662,369,9293,248,0.03819085075553716,0.9749747729566095,0.025025227043390514,0.9974125439867523,PASS,OK
F6689 - P6H5,SNMLWZ211776,SNMLWZ211776,48814,F6689,P6H5,,False,9910,9659,458,9201,251,0.047416916865099905,0.9746720484359233,0.02532795156407669,0.9929599337405528,PASS,OK
F6690 - P6D6,SNMLWZ211776,SNMLWZ211776,48814,F6690,P6D6,,False,9910,9658,385,9273,252,0.03986332574031891,0.9745711402623612,0.02542885973763875,0.9930627459101263,PASS,OK
F6690 - P6E6,SNMLWZ211776,SNMLWZ211776,48814,F6690,P6E6,,False,9910,9648,387,9261,262,0.04011194029850746,0.9735620585267407,0.026437941473259334,0.9858001658374793,PASS,OK
F6690 - P6F6,SNMLWZ211776,SNMLWZ211776,48814,F6690,P6F6,,False,9910,9653,309,9344,257,0.03201077385268828,0.974066599394551,0.02593340060544904,0.9864290894022584,PASS,OK
F6690 - P6G6,SNMLWZ211776,SNMLWZ211776,48814,F6690,P6G6,,False,9910,9654,427,9227,256,0.044230370830743736,0.974167507568113,0.025832492431886983,0.9890200952972861,PASS,OK
F6690 - P6H6,SNMLWZ211776,SNMLWZ211776,48814,F6690,P6H6,,False,9910,9660,340,9320,250,0.035196687370600416,0.9747729566094854,0.025227043390514632,0.9850931677018634,PASS,OK
F6691 - P6B7,CLWQZ19020,CLWQZ19020,52341,F6691,P6B7,,False,9910,9657,11,9646,253,0.001139070104587346,0.9744702320887992,0.025529767911200808,1.0,PASS,OK
F6691 - P6C7,CLWQZ19020,CLWQZ19020,52341,F6691,P6C7,,False,9910,9656,11,9645,254,0.0011391880695940347,0.9743693239152371,0.025630676084762865,1.0,PASS,OK
F6691 - P6D7,CLWQZ19020,CLWQZ19020,52341,F6691,P6D7,,False,9910,9656,11,9645,254,0.0011391880695940347,0.9743693239152371,0.025630676084762865,1.0,PASS,OK
F6691 - P6E7,CLWQZ19020,CLWQZ19020,52341,F6691,P6E7,,False,9910,9656,12,9644,254,0.0012427506213753107,0.9743693239152371,0.025630676084762865,1.0,PASS,OK
F6691 - P6F7,CLWQZ19020,CLWQZ19020,52341,F6691,P6F7,,False,9910,9656,11,9645,254,0.0011391880695940347,0.9743693239152371,0.025630676084762865,1.0,PASS,OK
F6692 - P6A8,CLWQZ19020,CLWQZ19020,52341,F6692,P6A8,,False,9910,9656,11,9645,254,0.0011391880695940347,0.9743693239152371,0.025630676084762865,1.0,PASS,OK
F6692 - P6B8,CLWQZ19020,CLWQZ19020,52341,F6692,P6B8,,False,9910,9656,11,9645,254,0.0011391880695940347,0.9743693239152371,0.025630676084762865,1.0,PASS,OK
F6692 - P6C8,CLWQZ19020,CLWQZ19020,52341,F6692,P6C8,,False,9910,9656,12,9644,254,0.0012427506213753107,0.9743693239152371,0.025630676084762865,1.0,PASS,OK
F6692 - P6G7,CLWQZ19020,CLWQZ19020,52341,F6692,P6G7,,False,9910,9656,11,9645,254,0.0011391880695940347,0.9743693239152371,0.025630676084762865,1.0,PASS,OK
F6692 - P6H7,CLWQZ19020,CLWQZ19020,52341,F6692,P6H7,,False,9910,9657,11,9646,253,0.001139070104587346,0.9744702320887992,0.025529767911200808,1.0,PASS,OK
F6693 - P6D8,SNCLWQZ1714-13,SNCLWQZ1714-13,37050,F6693,P6D8,,False,9910,9622,10,9612,288,0.0010392849719393059,0.9709384460141272,0.029061553985872856,1.0,PASS,OK
F6693 - P6E8,SNCLWQZ1714-13,SNCLWQZ1714-13,37050,F6693,P6E8,,False,9910,9625,11,9614,285,0.001142857142857143,0.9712411705348133,0.02875882946518668,1.0,PASS,OK
F6693 - P6F8,SNCLWQZ1714-13,SNCLWQZ1714-13,37050,F6693,P6F8,,False,9910,9621,10,9611,289,0.0010393929944912171,0.970837537840565,0.029162462159434913,1.0,PASS,OK
F6693 - P6G8,SNCLWQZ1714-13,SNCLWQZ1714-13,37050,F6693,P6G8,,False,9910,9621,11,9610,289,0.0011433322939403388,0.970837537840565,0.029162462159434913,1.0,PASS,OK
F6693 - P6H8,SNCLWQZ1714-13,SNCLWQZ1714-13,37050,F6693,P6H8,,False,9910,9622,10,9612,288,0.0010392849719393059,0.9709384460141272,0.029061553985872856,1.0,PASS,OK
F6694 - P6A9,SNCLWQZ1714-13,SNCLWQZ1714-13,37050,F6694,P6A9,,False,9910,9624,10,9614,286,0.0010390689941812137,0.9711402623612513,0.028859737638748738,1.0,PASS,OK
F6694 - P6B9,SNCLWQZ1714-13,SNCLWQZ1714-13,37050,F6694,P6B9,,False,9910,9622,10,9612,288,0.0010392849719393059,0.9709384460141272,0.029061553985872856,1.0,PASS,OK
F6694 - P6C9,SNCLWQZ1714-13,SNCLWQZ1714-13,37050,F6694,P6C9,,False,9910,9622,10,9612,288,0.0010392849719393059,0.9709384460141272,0.029061553985872856,1.0,PASS,OK
F6694 - P6D9,SNCLWQZ1714-13,SNCLWQZ1714-13,37050,F6694,P6D9,,False,9910,9622,10,9612,288,0.0010392849719393059,0.9709384460141272,0.029061553985872856,1.0,PASS,OK
F6694 - P6E9,SNCLWQZ1714-13,SNCLWQZ1714-13,37050,F6694,P6E9,,False,9910,9622,10,9612,288,0.0010392849719393059,0.9709384460141272,0.029061553985872856,1.0,PASS,OK
F6695 - P6A10,CLWQHZN47,CLWQHZN47,45297,F6695,P6A10,,False,9910,9653,35,9618,257,0.0036258158085569255,0.974066599394551,0.02593340060544904,0.7805863462136123,FAIL,low concordance (78.1%)
F6695 - P6B10,CLWQHZN47,CLWQHZN47,45297,F6695,P6B10,,False,9910,9661,75,9586,249,0.00776317151433599,0.9748738647830474,0.025126135216952575,0.7805610185281027,FAIL,low concordance (78.1%)
F6695 - P6F9,CLWQHZN47,CLWQHZN47,45297,F6695,P6F9,,False,9910,9652,21,9631,258,0.002175714877745545,0.9739656912209889,0.0260343087790111,0.7789059262329051,FAIL,low concordance (77.9%)
F6695 - P6G9,CLWQHZN47,CLWQHZN47,45297,F6695,P6G9,,False,9910,9653,37,9616,257,0.003833005283331607,0.974066599394551,0.02593340060544904,0.7796539935771263,FAIL,low concordance (78.0%)
F6695 - P6H9,CLWQHZN47,CLWQHZN47,45297,F6695,P6H9,,False,9910,9545,98,9447,365,0.010267155578837088,0.9631685166498486,0.036831483350151364,0.7830277632268203,FAIL,low concordance (78.3%)
F6696 - P6C10,CLWQHZN47,CLWQHZN47,45297,F6696,P6C10,,False,9910,9654,23,9631,256,0.002382432152475658,0.974167507568113,0.025832492431886983,0.7780194737932463,FAIL,low concordance (77.8%)
F6696 - P6D10,CLWQHZN47,CLWQHZN47,45297,F6696,P6D10,,False,9910,9656,190,9466,254,0.01967688483844242,0.9743693239152371,0.025630676084762865,0.793910521955261,FAIL,low concordance (79.4%)
F6696 - P6E10,CLWQHZN47,CLWQHZN47,45297,F6696,P6E10,,False,9910,9650,30,9620,260,0.0031088082901554403,0.9737638748738647,0.026236125126135216,0.7786528497409326,FAIL,low concordance (77.9%)
F6696 - P6F10,CLWQHZN47,CLWQHZN47,45297,F6696,P6F10,,False,9910,9670,33,9637,240,0.0034126163391933815,0.9757820383451059,0.024217961654894045,0.7790072388831437,FAIL,low concordance (77.9%)
F6696 - P6G10,CLWQHZN47,CLWQHZN47,45297,F6696,P6G10,,False,9910,9653,21,9632,257,0.002175489485134155,0.974066599394551,0.02593340060544904,0.7778928830415415,FAIL,low concordance (77.8%)
F6697 - P6A11,CLWQHZN12,CLWQHZN12,32940,F6697,P6A11,,False,9910,9653,12,9641,257,0.0012431368486480886,0.974066599394551,0.02593340060544904,1.0,PASS,OK
F6697 - P6B11,CLWQHZN12,CLWQHZN12,32940,F6697,P6B11,,False,9910,9653,11,9642,257,0.001139542111260748,0.974066599394551,0.02593340060544904,1.0,PASS,OK
F6697 - P6C11,CLWQHZN12,CLWQHZN12,32940,F6697,P6C11,,False,9910,9653,11,9642,257,0.001139542111260748,0.974066599394551,0.02593340060544904,1.0,PASS,OK
F6697 - P6D11,CLWQHZN12,CLWQHZN12,32940,F6697,P6D11,,False,9910,9751,3289,6462,159,0.33729873859091375,0.9839556004036327,0.016044399596367307,0.997743821146549,FAIL,high heterozygosity for inbred (33.7%)
F6697 - P6H10,CLWQHZN12,CLWQHZN12,32940,F6697,P6H10,,False,9910,9653,11,9642,257,0.001139542111260748,0.974066599394551,0.02593340060544904,1.0,PASS,OK
F6698 - P6A12,CLWQHZN12,CLWQHZN12,32940,F6698,P6A12,,False,9910,9653,11,9642,257,0.001139542111260748,0.974066599394551,0.02593340060544904,1.0,PASS,OK
F6698 - P6E11,CLWQHZN12,CLWQHZN12,32940,F6698,P6E11,,False,9910,9653,11,9642,257,0.001139542111260748,0.974066599394551,0.02593340060544904,1.0,PASS,OK
F6698 - P6F11,CLWQHZN12,CLWQHZN12,32940,F6698,P6F11,,False,9910,9653,12,9641,257,0.0012431368486480886,0.974066599394551,0.02593340060544904,1.0,PASS,OK
F6698 - P6G11,CLWQHZN12,CLWQHZN12,32940,F6698,P6G11,,False,9910,9653,11,9642,257,0.001139542111260748,0.974066599394551,0.02593340060544904,1.0,PASS,OK
F6698 - P6H11,CLWQHZN12,CLWQHZN12,32940,F6698,P6H11,,False,9910,9653,12,9641,257,0.0012431368486480886,0.974066599394551,0.02593340060544904,1.0,PASS,OK
F6699 - P6B12,CLWQHZN46,CLWQHZN46,45300,F6699,P6B12,,False,9910,9652,23,9629,258,0.002382925818483216,0.9739656912209889,0.0260343087790111,0.9990675507666805,PASS,OK
F6699 - P6C12,CLWQHZN46,CLWQHZN46,45300,F6699,P6C12,,False,9910,9656,105,9551,254,0.010874067937033969,0.9743693239152371,0.025630676084762865,0.9996893123446562,PASS,OK
F6699 - P6D12,CLWQHZN46,CLWQHZN46,45300,F6699,P6D12,,False,9910,9657,114,9543,253,0.011804908356632494,0.9744702320887992,0.025529767911200808,0.9990680335507922,PASS,OK
F6699 - P6E12,CLWQHZN46,CLWQHZN46,45300,F6699,P6E12,,False,9910,9650,27,9623,260,0.002797927461139896,0.9737638748738647,0.026236125126135216,1.0,PASS,OK
F6699 - P6F12,CLWQHZN46,CLWQHZN46,45300,F6699,P6F12,,False,9910,9655,22,9633,255,0.0022786121180735372,0.9742684157416751,0.025731584258324926,0.9978249611600207,PASS,OK
F6700 - P6G12,CLWQHZN46,CLWQHZN46,45300,F6700,P6G12,,False,9910,9652,68,9584,258,0.007045171985080812,0.9739656912209889,0.0260343087790111,0.9998963945296312,PASS,OK
F6700 - P7A1,CLWQHZN46,CLWQHZN46,45300,F6700,P7A1,,False,9910,9654,30,9624,256,0.003107520198881293,0.974167507568113,0.025832492431886983,0.9997928319867413,PASS,OK
F6700 - P7B1,CLWQHZN46,CLWQHZN46,45300,F6700,P7B1,,False,9910,9653,21,9632,257,0.002175489485134155,0.974066599394551,0.02593340060544904,0.9998964052626127,PASS,OK
F6700 - P7C1,CLWQHZN46,CLWQHZN46,45300,F6700,P7C1,,False,9910,9654,27,9627,256,0.0027967681789931634,0.974167507568113,0.025832492431886983,1.0,PASS,OK
F6700 - P7D1,CLWQHZN46,CLWQHZN46,45300,F6700,P7D1,,False,9910,9654,27,9627,256,0.0027967681789931634,0.974167507568113,0.025832492431886983,1.0,PASS,OK
F6701 - P7A2,CLWQHZN46,CLWQHZN46,714,F6701,P7A2,,False,9910,9641,15,9626,269,0.0015558552017425579,0.9728557013118062,0.027144298688193742,0.6591639871382636,FAIL,low concordance (65.9%)
F6701 - P7E1,CLWQHZN46,CLWQHZN46,714,F6701,P7E1,,False,9910,9660,118,9542,250,0.012215320910973085,0.9747729566094854,0.025227043390514632,0.9989648033126294,PASS,OK
F6701 - P7F1,CLWQHZN46,CLWQHZN46,714,F6701,P7F1,,False,9910,9641,11,9630,269,0.0011409604812778757,0.9728557013118062,0.027144298688193742,0.6590602634581475,FAIL,low concordance (65.9%)
F6701 - P7G1,CLWQHZN46,CLWQHZN46,714,F6701,P7G1,,False,9910,9642,10,9632,268,0.0010371292263015972,0.9729566094853683,0.027043390514631685,0.6588881974694046,FAIL,low concordance (65.9%)
F6701 - P7H1,CLWQHZN46,CLWQHZN46,714,F6701,P7H1,,False,9910,9640,9,9631,270,0.0009336099585062241,0.9727547931382442,0.027245206861755803,0.6589211618257261,FAIL,low concordance (65.9%)
F6702 - P7B2,CLWQHZN46,CLWQHZN46,3779,F6702,P7B2,,False,9910,9652,13,9639,258,0.0013468711147948613,0.9739656912209889,0.0260343087790111,1.0,PASS,OK
F6702 - P7C2,CLWQHZN46,CLWQHZN46,3779,F6702,P7C2,,False,9910,9653,42,9611,257,0.00435097897026831,0.974066599394551,0.02593340060544904,1.0,PASS,OK
F6702 - P7D2,CLWQHZN46,CLWQHZN46,3779,F6702,P7D2,,False,9910,9677,1193,8484,233,0.12328200888705178,0.9764883955600404,0.023511604439959637,0.9974165547173711,FAIL,high heterozygosity for inbred (12.3%)
F6702 - P7E2,CLWQHZN46,CLWQHZN46,3779,F6702,P7E2,,False,9910,9653,11,9642,257,0.001139542111260748,0.974066599394551,0.02593340060544904,0.9998964052626127,PASS,OK
F6702 - P7F2,CLWQHZN46,CLWQHZN46,3779,F6702,P7F2,,False,9910,9653,43,9610,257,0.004454573707655651,0.974066599394551,0.02593340060544904,0.9998964052626127,PASS,OK
F6703 - P7A3,CLWQHZN46,CLWQHZN46,3780,F6703,P7A3,,False,9910,9653,26,9627,257,0.002693463172070859,0.974066599394551,0.02593340060544904,0.9988604578887392,PASS,OK
F6703 - P7B3,CLWQHZN46,CLWQHZN46,3780,F6703,P7B3,,False,9910,9654,34,9620,256,0.0035218562253987984,0.974167507568113,0.025832492431886983,0.9996892479801118,PASS,OK
F6703 - P7C3,CLWQHZN46,CLWQHZN46,3780,F6703,P7C3,,False,9910,9645,36,9609,265,0.0037325038880248835,0.9732593340060545,0.02674066599394551,0.9998963193364437,PASS,OK
F6703 - P7G2,CLWQHZN46,CLWQHZN46,3780,F6703,P7G2,,False,9910,9653,30,9623,257,0.0031078421216202217,0.974066599394551,0.02593340060544904,0.9989640526261266,PASS,OK
F6703 - P7H2,CLWQHZN46,CLWQHZN46,3780,F6703,P7H2,,False,9910,9656,35,9621,254,0.003624689312344656,0.9743693239152371,0.025630676084762865,0.9990679370339686,PASS,OK
F6704 - P7D3,CLWQHZN46,CLWQHZN46,3808,F6704,P7D3,,False,9910,9652,41,9611,258,0.004247824285122255,0.9739656912209889,0.0260343087790111,0.9993783671777869,PASS,OK
F6704 - P7E3,CLWQHZN46,CLWQHZN46,3808,F6704,P7E3,,False,9910,9651,34,9617,259,0.003522950989534763,0.9738647830474269,0.02613521695257316,1.0,PASS,OK
F6704 - P7F3,CLWQHZN46,CLWQHZN46,3808,F6704,P7F3,,False,9910,9653,17,9636,257,0.0017611105355847922,0.974066599394551,0.02593340060544904,1.0,PASS,OK
F6704 - P7G3,CLWQHZN46,CLWQHZN46,3808,F6704,P7G3,,False,9910,9654,39,9615,256,0.004039776258545681,0.974167507568113,0.025832492431886983,1.0,PASS,OK
F6704 - P7H3,CLWQHZN46,CLWQHZN46,3808,F6704,P7H3,,False,9910,9652,10,9642,258,0.0010360547036883548,0.9739656912209889,0.0260343087790111,0.9996891835888935,PASS,OK
F6705 - P7A4,CLWQHZN47,CLWQHZN47,3730,F6705,P7A4,,False,9910,9630,11,9619,280,0.001142263759086189,0.9717457114026236,0.028254288597376387,0.9998961578400831,PASS,OK
F6705 - P7B4,CLWQHZN47,CLWQHZN47,3730,F6705,P7B4,,False,9910,9635,12,9623,275,0.0012454592631032694,0.9722502522704339,0.027749747729566093,0.9998962117280747,PASS,OK
F6705 - P7C4,CLWQHZN47,CLWQHZN47,3730,F6705,P7C4,,False,9910,9631,11,9620,279,0.0011421451562662237,0.9718466195761857,0.02815338042381433,1.0,PASS,OK
F6705 - P7D4,CLWQHZN47,CLWQHZN47,3730,F6705,P7D4,,False,9910,9634,11,9623,276,0.001141789495536641,0.9721493440968718,0.027850655903128154,0.9997924019099025,PASS,OK
F6705 - P7E4,CLWQHZN47,CLWQHZN47,3730,F6705,P7E4,,False,9910,9633,11,9622,277,0.0011419080244991177,0.9720484359233098,0.02795156407669021,0.999896190179591,PASS,OK
F6706 - P7A5,CLWQHZN47,CLWQHZN47,3805,F6706,P7A5,,False,9910,0,0,0,9910,,0.0,1.0,,WARNING,high fail rate (100.0%)
F6706 - P7B5,CLWQHZN47,CLWQHZN47,3805,F6706,P7B5,,False,9910,0,0,0,9910,,0.0,1.0,,WARNING,high fail rate (100.0%)
F6706 - P7F4,CLWQHZN47,CLWQHZN47,3805,F6706,P7F4,,False,9910,9633,11,9622,277,0.0011419080244991177,0.9720484359233098,0.02795156407669021,0.9997923803591819,PASS,OK
F6706 - P7G4,CLWQHZN47,CLWQHZN47,3805,F6706,P7G4,,False,9910,9630,11,9619,280,0.001142263759086189,0.9717457114026236,0.028254288597376387,1.0,PASS,OK
F6706 - P7H4,CLWQHZN47,CLWQHZN47,3805,F6706,P7H4,,False,9910,9633,11,9622,277,0.0011419080244991177,0.9720484359233098,0.02795156407669021,0.9997923803591819,PASS,OK
F6707 - P7C5,CLWQHZN47,CLWQHZN47,3730,F6707,P7C5,,False,9910,9630,12,9618,280,0.0012461059190031153,0.9717457114026236,0.028254288597376387,1.0,PASS,OK
F6707 - P7D5,CLWQHZN47,CLWQHZN47,3730,F6707,P7D5,,False,9910,9632,11,9621,278,0.0011420265780730898,0.9719475277497477,0.02805247225025227,0.9998961794019934,PASS,OK
F6707 - P7E5,CLWQHZN47,CLWQHZN47,3730,F6707,P7E5,,False,9910,9631,11,9620,279,0.0011421451562662237,0.9718466195761857,0.02815338042381433,1.0,PASS,OK
F6707 - P7F5,CLWQHZN47,CLWQHZN47,3730,F6707,P7F5,,False,9910,9631,11,9620,279,0.0011421451562662237,0.9718466195761857,0.02815338042381433,1.0,PASS,OK
F6707 - P7G5,CLWQHZN47,CLWQHZN47,3730,F6707,P7G5,,False,9910,9633,11,9622,277,0.0011419080244991177,0.9720484359233098,0.02795156407669021,0.9997923803591819,PASS,OK
F6708 - P7A6,CLWQHZN47,CLWQHZN47,11872,F6708,P7A6,,False,9910,9633,11,9622,277,0.0011419080244991177,0.9720484359233098,0.02795156407669021,0.999896190179591,PASS,OK
F6708 - P7B6,CLWQHZN47,CLWQHZN47,11872,F6708,P7B6,,False,9910,9631,12,9619,279,0.0012459765341086076,0.9718466195761857,0.02815338042381433,1.0,PASS,OK
F6708 - P7C6,CLWQHZN47,CLWQHZN47,11872,F6708,P7C6,,False,9910,9634,12,9622,276,0.0012455885405854266,0.9721493440968718,0.027850655903128154,0.9998962009549512,PASS,OK
F6708 - P7D6,CLWQHZN47,CLWQHZN47,11872,F6708,P7D6,,False,9910,9630,11,9619,280,0.001142263759086189,0.9717457114026236,0.028254288597376387,1.0,PASS,OK
F6708 - P7H5,CLWQHZN47,CLWQHZN47,11872,F6708,P7H5,,False,9910,9632,11,9621,278,0.0011420265780730898,0.9719475277497477,0.02805247225025227,0.9997923588039868,PASS,OK
F6709 - P7E6,CLWQHZN46-6-1-1-B,CLWQHZN46-6-1-1-B,48812,F6709,P7E6,,False,9910,9653,11,9642,257,0.001139542111260748,0.974066599394551,0.02593340060544904,1.0,PASS,OK
F6709 - P7F6,CLWQHZN46-6-1-1-B,CLWQHZN46-6-1-1-B,48812,F6709,P7F6,,False,9910,9652,11,9641,258,0.0011396601740571901,0.9739656912209889,0.0260343087790111,1.0,PASS,OK
F6709 - P7G6,CLWQHZN46-6-1-1-B,CLWQHZN46-6-1-1-B,48812,F6709,P7G6,,False,9910,9651,11,9640,259,0.0011397782613200705,0.9738647830474269,0.02613521695257316,1.0,PASS,OK
F6709 - P7H6,CLWQHZN46-6-1-1-B,CLWQHZN46-6-1-1-B,48812,F6709,P7H6,,False,9910,9651,12,9639,259,0.0012433944668946222,0.9738647830474269,0.02613521695257316,1.0,PASS,OK
F6710 - P7A7,CLWQHZN46-6-1-1-B,CLWQHZN46-6-1-1-B,48812,F6710,P7A7,,False,9910,9651,9,9642,259,0.0009325458501709667,0.9738647830474269,0.02613521695257316,1.0,PASS,OK
F6710 - P7B7,CLWQHZN46-6-1-1-B,CLWQHZN46-6-1-1-B,48812,F6710,P7B7,,False,9910,9652,11,9641,258,0.0011396601740571901,0.9739656912209889,0.0260343087790111,0.9998963945296312,PASS,OK
F6710 - P7C7,CLWQHZN46-6-1-1-B,CLWQHZN46-6-1-1-B,48812,F6710,P7C7,,False,9910,9654,10,9644,256,0.0010358400662937642,0.974167507568113,0.025832492431886983,0.9998964159933706,PASS,OK
F6711 - P7D7,SNLWZ240088,SNLWZ240088,37580,F6711,P7D7,,False,9910,9286,170,9116,624,0.018307129011415034,0.9370332996972754,0.06296670030272453,1.0,PASS,OK
F6711 - P7E7,SNLWZ240088,SNLWZ240088,37580,F6711,P7E7,,False,9910,9650,10,9640,260,0.0010362694300518134,0.9737638748738647,0.026236125126135216,1.0,PASS,OK
F6711 - P7F7,SNLWZ240088,SNLWZ240088,37580,F6711,P7F7,,False,9910,9651,12,9639,259,0.0012433944668946222,0.9738647830474269,0.02613521695257316,1.0,PASS,OK
F6711 - P7G7,SNLWZ240088,SNLWZ240088,37580,F6711,P7G7,,False,9910,9651,10,9641,259,0.0010361620557455186,0.9738647830474269,0.02613521695257316,1.0,PASS,OK
F6711 - P7H7,SNLWZ240088,SNLWZ240088,37580,F6711,P7H7,,False,9910,8908,372,8536,1002,0.04176021553659632,0.8988900100908174,0.10110998990918264,0.9998877413560844,WARNING,high fail rate (10.1%)
F6712 - P7B8,CLWQHZN47-5-1-1-B,CLWQHZN47-5-1-1-B,52343,F6712,P7B8,,False,9910,9632,10,9622,278,0.0010382059800664453,0.9719475277497477,0.02805247225025227,1.0,PASS,OK
F6712 - P7C8,CLWQHZN47-5-1-1-B,CLWQHZN47-5-1-1-B,52343,F6712,P7C8,,False,9910,9632,11,9621,278,0.0011420265780730898,0.9719475277497477,0.02805247225025227,1.0,PASS,OK
F6712 - P7D8,CLWQHZN47-5-1-1-B,CLWQHZN47-5-1-1-B,52343,F6712,P7D8,,False,9910,9632,11,9621,278,0.0011420265780730898,0.9719475277497477,0.02805247225025227,1.0,PASS,OK
F6712 - P7E8,CLWQHZN47-5-1-1-B,CLWQHZN47-5-1-1-B,52343,F6712,P7E8,,False,9910,9633,11,9622,277,0.0011419080244991177,0.9720484359233098,0.02795156407669021,1.0,PASS,OK
F6712 - P7F8,CLWQHZN47-5-1-1-B,CLWQHZN47-5-1-1-B,52343,F6712,P7F8,,False,9910,9633,11,9622,277,0.0011419080244991177,0.9720484359233098,0.02795156407669021,1.0,PASS,OK
F6713 - P7A9,CLWQHZN47-5-1-1-B,CLWQHZN47-5-1-1-B,52343,F6713,P7A9,,False,9910,9634,11,9623,276,0.001141789495536641,0.9721493440968718,0.027850655903128154,1.0,PASS,OK
F6713 - P7B9,CLWQHZN47-5-1-1-B,CLWQHZN47-5-1-1-B,52343,F6713,P7B9,,False,9910,9632,11,9621,278,0.0011420265780730898,0.9719475277497477,0.02805247225025227,1.0,PASS,OK
F6713 - P7C9,CLWQHZN47-5-1-1-B,CLWQHZN47-5-1-1-B,52343,F6713,P7C9,,False,9910,9633,11,9622,277,0.0011419080244991177,0.9720484359233098,0.02795156407669021,1.0,PASS,OK
F6713 - P7G8,CLWQHZN47-5-1-1-B,CLWQHZN47-5-1-1-B,52343,F6713,P7G8,,False,9910,9632,11,9621,278,0.0011420265780730898,0.9719475277497477,0.02805247225025227,1.0,PASS,OK
F6713 - P7H8,CLWQHZN47-5-1-1-B,CLWQHZN47-5-1-1-B,52343,F6713,P7H8,,False,9910,9633,11,9622,277,0.0011419080244991177,0.9720484359233098,0.02795156407669021,1.0,PASS,OK
F6714 - P7A10,SNLWZ240001,SNLWZ240001,37473,F6714,P7A10,,False,9910,9632,11,9621,278,0.0011420265780730898,0.9719475277497477,0.02805247225025227,1.0,PASS,OK
F6714 - P7B10,SNLWZ240001,SNLWZ240001,37473,F6714,P7B10,,False,9910,9635,12,9623,275,0.0012454592631032694,0.9722502522704339,0.027749747729566093,1.0,PASS,OK
F6714 - P7C10,SNLWZ240001,SNLWZ240001,37473,F6714,P7C10,,False,9910,9632,11,9621,278,0.0011420265780730898,0.9719475277497477,0.02805247225025227,1.0,PASS,OK
F6714 - P7D9,SNLWZ240001,SNLWZ240001,37473,F6714,P7D9,,False,9910,9631,11,9620,279,0.0011421451562662237,0.9718466195761857,0.02815338042381433,1.0,PASS,OK
F6714 - P7E9,SNLWZ240001,SNLWZ240001,37473,F6714,P7E9,,False,9910,9633,11,9622,277,0.0011419080244991177,0.9720484359233098,0.02795156407669021,1.0,PASS,OK
F6714 - P7F9,SNLWZ240001,SNLWZ240001,37473,F6714,P7F9,,False,9910,9632,11,9621,278,0.0011420265780730898,0.9719475277497477,0.02805247225025227,1.0,PASS,OK
F6714 - P7G9,SNLWZ240001,SNLWZ240001,37473,F6714,P7G9,,False,9910,9630,13,9617,280,0.0013499480789200416,0.9717457114026236,0.028254288597376387,1.0,PASS,OK
F6714 - P7H9,SNLWZ240001,SNLWZ240001,37473,F6714,P7H9,,False,9910,9631,11,9620,279,0.0011421451562662237,0.9718466195761857,0.02815338042381433,1.0,PASS,OK
F6715 - P7D10,SNMLWZ200296-C,SNMLWZ200296-C,48949,F6715,P7D10,,False,9910,9656,381,9275,254,0.03945733222866611,0.9743693239152371,0.025630676084762865,0.9975144987572494,PASS,OK
F6715 - P7E10,SNMLWZ200296-C,SNMLWZ200296-C,48949,F6715,P7E10,,False,9910,9645,377,9268,265,0.03908761016070503,0.9732593340060545,0.02674066599394551,0.9944012441679627,PASS,OK
F6715 - P7F10,SNMLWZ200296-C,SNMLWZ200296-C,48949,F6715,P7F10,,False,9910,9647,205,9442,263,0.021250129573960816,0.9734611503531786,0.02653884964682139,0.9958536332538613,PASS,OK
F6715 - P7G10,SNMLWZ200296-C,SNMLWZ200296-C,48949,F6715,P7G10,,False,9910,9646,447,9199,264,0.04634045200082936,0.9733602421796166,0.026639757820383452,0.9902550279908771,PASS,OK
F6715 - P7H10,SNMLWZ200296-C,SNMLWZ200296-C,48949,F6715,P7H10,,False,9910,9648,421,9227,262,0.04363598673300166,0.9735620585267407,0.026437941473259334,0.9975124378109452,PASS,OK
F6716 - P7A11,SNMLWZ200296-C,SNMLWZ200296-C,48949,F6716,P7A11,,False,9910,9642,447,9195,268,0.046359676415681395,0.9729566094853683,0.027043390514631685,0.9871395975938602,PASS,OK
F6716 - P7B11,SNMLWZ200296-C,SNMLWZ200296-C,48949,F6716,P7B11,,False,9910,0,0,0,9910,,0.0,1.0,,WARNING,high fail rate (100.0%)
F6716 - P7C11,SNMLWZ200296-C,SNMLWZ200296-C,48949,F6716,P7C11,,False,9910,9648,394,9254,262,0.04083747927031509,0.9735620585267407,0.026437941473259334,0.9931592039800995,PASS,OK
F6716 - P7D11,SNMLWZ200296-C,SNMLWZ200296-C,48949,F6716,P7D11,,False,9910,9641,349,9292,269,0.036199564360543515,0.9728557013118062,0.027144298688193742,0.990872316149777,PASS,OK
F6716 - P7E11,SNMLWZ200296-C,SNMLWZ200296-C,48949,F6716,P7E11,,False,9910,9653,367,9286,257,0.03801926862115405,0.974066599394551,0.02593340060544904,0.9925411789081114,PASS,OK
F6717 - P7A12,CLWQHZN47,CLWQHZN47,48948,F6717,P7A12,,False,9910,9634,11,9623,276,0.001141789495536641,0.9721493440968718,0.027850655903128154,0.9997924019099025,PASS,OK
F6717 - P7B12,CLWQHZN47,CLWQHZN47,48948,F6717,P7B12,,False,9910,9657,491,9166,253,0.05084394739567153,0.9744702320887992,0.025529767911200808,0.6796106451278865,FAIL,elevated heterozygosity for inbred (5.1%); low concordance (68.0%)
F6717 - P7F11,CLWQHZN47,CLWQHZN47,48948,F6717,P7F11,,False,9910,9665,911,8754,245,0.09425763062597,0.9752774974772956,0.02472250252270434,0.7026383859286084,FAIL,elevated heterozygosity for inbred (9.4%); low concordance (70.3%)
F6717 - P7G11,CLWQHZN47,CLWQHZN47,48948,F6717,P7G11,,False,9910,9630,11,9619,280,0.001142263759086189,0.9717457114026236,0.028254288597376387,1.0,PASS,OK
F6717 - P7H11,CLWQHZN47,CLWQHZN47,48948,F6717,P7H11,,False,9910,9628,11,9617,282,0.001142501038637308,0.9715438950554995,0.028456104944500505,0.9998961362692148,PASS,OK
F6718 - P7C12,CLWQHZN47,CLWQHZN47,48948,F6718,P7C12,,False,9910,9595,1366,8229,315,0.1423658155289213,0.9682139253279516,0.031786074672048435,0.7246482542991142,FAIL,high heterozygosity for inbred (14.2%); low concordance (72.5%)
F6718 - P7D12,CLWQHZN47,CLWQHZN47,48948,F6718,P7D12,,False,9910,9652,363,9289,258,0.03760878574388728,0.9739656912209889,0.0260343087790111,0.6708454206382097,FAIL,low concordance (67.1%)
F6718 - P7E12,CLWQHZN47,CLWQHZN47,48948,F6718,P7E12,,False,9910,9632,11,9621,278,0.0011420265780730898,0.9719475277497477,0.02805247225025227,0.9997923588039868,PASS,OK
F6718 - P7F12,CLWQHZN47,CLWQHZN47,48948,F6718,P7F12,,False,9910,9679,1106,8573,231,0.11426800289286083,0.9766902119071644,0.02330978809283552,0.7512139683851637,FAIL,high heterozygosity for inbred (11.4%); low concordance (75.1%)
F6718 - P7G12,CLWQHZN47,CLWQHZN47,48948,F6718,P7G12,,False,9910,9667,1017,8650,243,0.10520326885279818,0.9754793138244198,0.02452068617558022,0.7130443777800766,FAIL,high heterozygosity for inbred (10.5%); low concordance (71.3%)
